insert into Artist (artistID, name, biography, style, totalExhibitions) values (1, 'Lesli d''Arcy', 'Pablo Picasso', 'impressionism', 8);
insert into Artist (artistID, name, biography, style, totalExhibitions) values (2, 'Dorita Vanin', 'Leonardo da Vinci', 'abstract', 68);
insert into Artist (artistID, name, biography, style, totalExhibitions) values (3, 'Lawry Grist', 'Pablo Picasso', 'abstract', 97);
insert into Artist (artistID, name, biography, style, totalExhibitions) values (4, 'Brnaba Gruszczak', 'Michelangelo', 'abstract', 92);
insert into Artist (artistID, name, biography, style, totalExhibitions) values (5, 'Krystle Swanborough', 'Frida Kahlo', 'impressionism', 72);
insert into Artist (artistID, name, biography, style, totalExhibitions) values (6, 'Bronnie Boater', 'Michelangelo', 'realism', 62);
insert into Artist (artistID, name, biography, style, totalExhibitions) values (7, 'Xylina Baine', 'Leonardo da Vinci', 'realism', 82);
insert into Artist (artistID, name, biography, style, totalExhibitions) values (8, 'Briney Dyos', 'Pablo Picasso', 'realism', 62);
insert into Artist (artistID, name, biography, style, totalExhibitions) values (9, 'Malissia Krugmann', 'Frida Kahlo', 'impressionism', 6);
insert into Artist (artistID, name, biography, style, totalExhibitions) values (10, 'Rebbecca Prebble', 'Leonardo da Vinci', 'abstract', 87);
insert into Artist (artistID, name, biography, style, totalExhibitions) values (11, 'Ladonna Tills', 'Michelangelo', 'impressionism', 41);
insert into Artist (artistID, name, biography, style, totalExhibitions) values (12, 'Rasla Sartain', 'Pablo Picasso', 'abstract', 12);
insert into Artist (artistID, name, biography, style, totalExhibitions) values (13, 'Micheline Danskine', 'Vincent van Gogh', 'realism', 84);
insert into Artist (artistID, name, biography, style, totalExhibitions) values (14, 'Creigh Pennone', 'Michelangelo', 'abstract', 32);
insert into Artist (artistID, name, biography, style, totalExhibitions) values (15, 'Phoebe Bows', 'Leonardo da Vinci', 'abstract', 1);
insert into Artist (artistID, name, biography, style, totalExhibitions) values (16, 'Minny Northleigh', 'Vincent van Gogh', 'realism', 85);
insert into Artist (artistID, name, biography, style, totalExhibitions) values (17, 'Laureen Eagell', 'Leonardo da Vinci', 'realism', 62);
insert into Artist (artistID, name, biography, style, totalExhibitions) values (18, 'Rowland Champion', 'Pablo Picasso', 'abstract', 100);
insert into Artist (artistID, name, biography, style, totalExhibitions) values (19, 'Margalit Glander', 'Frida Kahlo', 'realism', 32);
insert into Artist (artistID, name, biography, style, totalExhibitions) values (20, 'Carlie Ishchenko', 'Leonardo da Vinci', 'impressionism', 25);
insert into Artist (artistID, name, biography, style, totalExhibitions) values (21, 'Gusella Alvy', 'Frida Kahlo', 'realism', 66);
insert into Artist (artistID, name, biography, style, totalExhibitions) values (22, 'Chevalier Jandl', 'Vincent van Gogh', 'realism', 63);
insert into Artist (artistID, name, biography, style, totalExhibitions) values (23, 'Bridget Bernadzki', 'Leonardo da Vinci', 'realism', 5);
insert into Artist (artistID, name, biography, style, totalExhibitions) values (24, 'Mylo Lukash', 'Michelangelo', 'realism', 56);
insert into Artist (artistID, name, biography, style, totalExhibitions) values (25, 'Henrie O''Fihillie', 'Pablo Picasso', 'impressionism', 1);
insert into Artist (artistID, name, biography, style, totalExhibitions) values (26, 'Hermy MacCague', 'Vincent van Gogh', 'realism', 9);
insert into Artist (artistID, name, biography, style, totalExhibitions) values (27, 'Madelaine Perillo', 'Frida Kahlo', 'impressionism', 71);
insert into Artist (artistID, name, biography, style, totalExhibitions) values (28, 'Kassandra Gobourn', 'Michelangelo', 'realism', 69);
insert into Artist (artistID, name, biography, style, totalExhibitions) values (29, 'Thedric Overington', 'Frida Kahlo', 'impressionism', 67);
insert into Artist (artistID, name, biography, style, totalExhibitions) values (30, 'Wolfgang Jantot', 'Vincent van Gogh', 'abstract', 69);
insert into Artist (artistID, name, biography, style, totalExhibitions) values (31, 'Sergeant Linturn', 'Pablo Picasso', 'impressionism', 10);
insert into Artist (artistID, name, biography, style, totalExhibitions) values (32, 'Codie Benezet', 'Pablo Picasso', 'impressionism', 3);
insert into Artist (artistID, name, biography, style, totalExhibitions) values (33, 'Fern Cappel', 'Pablo Picasso', 'abstract', 37);
insert into Artist (artistID, name, biography, style, totalExhibitions) values (34, 'Karole Mitham', 'Frida Kahlo', 'realism', 59);
insert into Artist (artistID, name, biography, style, totalExhibitions) values (35, 'Lacy Kuhle', 'Frida Kahlo', 'realism', 63);
insert into Artist (artistID, name, biography, style, totalExhibitions) values (36, 'Sharia Sleeford', 'Leonardo da Vinci', 'realism', 1);
insert into Artist (artistID, name, biography, style, totalExhibitions) values (37, 'Ragnar Weems', 'Leonardo da Vinci', 'realism', 24);
insert into Artist (artistID, name, biography, style, totalExhibitions) values (38, 'Clem Glennard', 'Michelangelo', 'impressionism', 18);
insert into Artist (artistID, name, biography, style, totalExhibitions) values (39, 'De witt Piddock', 'Pablo Picasso', 'realism', 39);
insert into Artist (artistID, name, biography, style, totalExhibitions) values (40, 'Giacopo De Fraine', 'Vincent van Gogh', 'abstract', 6);
insert into Artist (artistID, name, biography, style, totalExhibitions) values (41, 'Leonardo Pobjay', 'Vincent van Gogh', 'impressionism', 80);
insert into Artist (artistID, name, biography, style, totalExhibitions) values (42, 'Leo Kildale', 'Leonardo da Vinci', 'abstract', 65);
insert into Artist (artistID, name, biography, style, totalExhibitions) values (43, 'Cordelie O'' Mullan', 'Michelangelo', 'impressionism', 9);
insert into Artist (artistID, name, biography, style, totalExhibitions) values (44, 'Emmery Catenot', 'Michelangelo', 'realism', 79);
insert into Artist (artistID, name, biography, style, totalExhibitions) values (45, 'Bonnee Rospars', 'Vincent van Gogh', 'impressionism', 90);
insert into Artist (artistID, name, biography, style, totalExhibitions) values (46, 'Agathe Gelling', 'Michelangelo', 'impressionism', 28);
insert into Artist (artistID, name, biography, style, totalExhibitions) values (47, 'Temple Goold', 'Vincent van Gogh', 'realism', 75);
insert into Artist (artistID, name, biography, style, totalExhibitions) values (48, 'Walther Cluckie', 'Pablo Picasso', 'abstract', 20);
insert into Artist (artistID, name, biography, style, totalExhibitions) values (49, 'Penn Esser', 'Vincent van Gogh', 'realism', 79);
insert into Artist (artistID, name, biography, style, totalExhibitions) values (50, 'Kessiah Francisco', 'Leonardo da Vinci', 'abstract', 70);
insert into Artist (artistID, name, biography, style, totalExhibitions) values (51, 'Danya Laurenceau', 'Michelangelo', 'abstract', 78);
insert into Artist (artistID, name, biography, style, totalExhibitions) values (52, 'Meade McKinnell', 'Leonardo da Vinci', 'abstract', 67);
insert into Artist (artistID, name, biography, style, totalExhibitions) values (53, 'Willabella Vallerine', 'Vincent van Gogh', 'abstract', 21);
insert into Artist (artistID, name, biography, style, totalExhibitions) values (54, 'Cristian Bette', 'Pablo Picasso', 'abstract', 89);
insert into Artist (artistID, name, biography, style, totalExhibitions) values (55, 'Bearnard Truscott', 'Vincent van Gogh', 'impressionism', 46);
insert into Artist (artistID, name, biography, style, totalExhibitions) values (56, 'Joanna O''Grada', 'Vincent van Gogh', 'realism', 48);
insert into Artist (artistID, name, biography, style, totalExhibitions) values (57, 'Caresa Pleavin', 'Pablo Picasso', 'abstract', 66);
insert into Artist (artistID, name, biography, style, totalExhibitions) values (58, 'Shanan Rodda', 'Vincent van Gogh', 'realism', 58);
insert into Artist (artistID, name, biography, style, totalExhibitions) values (59, 'Christian Richie', 'Michelangelo', 'abstract', 18);
insert into Artist (artistID, name, biography, style, totalExhibitions) values (60, 'Lyndsay Carayol', 'Leonardo da Vinci', 'impressionism', 22);
insert into Artist (artistID, name, biography, style, totalExhibitions) values (61, 'Saw Whilde', 'Pablo Picasso', 'impressionism', 12);
insert into Artist (artistID, name, biography, style, totalExhibitions) values (62, 'Cam Gilbeart', 'Vincent van Gogh', 'impressionism', 52);
insert into Artist (artistID, name, biography, style, totalExhibitions) values (63, 'Scott Chad', 'Frida Kahlo', 'impressionism', 38);
insert into Artist (artistID, name, biography, style, totalExhibitions) values (64, 'Ceil Brearty', 'Michelangelo', 'realism', 90);
insert into Artist (artistID, name, biography, style, totalExhibitions) values (65, 'Humphrey Bradlaugh', 'Frida Kahlo', 'realism', 90);
insert into Artist (artistID, name, biography, style, totalExhibitions) values (66, 'Collin Courson', 'Michelangelo', 'realism', 13);
insert into Artist (artistID, name, biography, style, totalExhibitions) values (67, 'Roxanna Hamner', 'Pablo Picasso', 'abstract', 91);
insert into Artist (artistID, name, biography, style, totalExhibitions) values (68, 'Bronnie Healing', 'Vincent van Gogh', 'abstract', 30);
insert into Artist (artistID, name, biography, style, totalExhibitions) values (69, 'Nisse Hayle', 'Michelangelo', 'impressionism', 86);
insert into Artist (artistID, name, biography, style, totalExhibitions) values (70, 'Florian Kilpin', 'Michelangelo', 'realism', 83);
insert into Artist (artistID, name, biography, style, totalExhibitions) values (71, 'Egan Cariss', 'Michelangelo', 'abstract', 52);
insert into Artist (artistID, name, biography, style, totalExhibitions) values (72, 'Leonidas Philips', 'Frida Kahlo', 'realism', 19);
insert into Artist (artistID, name, biography, style, totalExhibitions) values (73, 'Randy Sidlow', 'Leonardo da Vinci', 'abstract', 24);
insert into Artist (artistID, name, biography, style, totalExhibitions) values (74, 'Rebeca Venable', 'Vincent van Gogh', 'realism', 87);
insert into Artist (artistID, name, biography, style, totalExhibitions) values (75, 'Hart Klempke', 'Vincent van Gogh', 'abstract', 72);
insert into Artist (artistID, name, biography, style, totalExhibitions) values (76, 'Brinna Lodder', 'Vincent van Gogh', 'abstract', 74);
insert into Artist (artistID, name, biography, style, totalExhibitions) values (77, 'Isaiah Ahrens', 'Michelangelo', 'realism', 29);
insert into Artist (artistID, name, biography, style, totalExhibitions) values (78, 'Nixie Dmitrichenko', 'Vincent van Gogh', 'realism', 4);
insert into Artist (artistID, name, biography, style, totalExhibitions) values (79, 'Myca Gwilliams', 'Pablo Picasso', 'abstract', 56);
insert into Artist (artistID, name, biography, style, totalExhibitions) values (80, 'Olag O''Fairy', 'Vincent van Gogh', 'realism', 37);
insert into Artist (artistID, name, biography, style, totalExhibitions) values (81, 'Zena Brasseur', 'Michelangelo', 'impressionism', 87);
insert into Artist (artistID, name, biography, style, totalExhibitions) values (82, 'Carey Joust', 'Vincent van Gogh', 'realism', 73);
insert into Artist (artistID, name, biography, style, totalExhibitions) values (83, 'Marchall Tames', 'Frida Kahlo', 'impressionism', 19);
insert into Artist (artistID, name, biography, style, totalExhibitions) values (84, 'Adella Fragino', 'Pablo Picasso', 'abstract', 68);
insert into Artist (artistID, name, biography, style, totalExhibitions) values (85, 'Coleen Jerson', 'Vincent van Gogh', 'realism', 95);
insert into Artist (artistID, name, biography, style, totalExhibitions) values (86, 'Emanuel Simchenko', 'Leonardo da Vinci', 'realism', 58);
insert into Artist (artistID, name, biography, style, totalExhibitions) values (87, 'Viola Jaye', 'Michelangelo', 'realism', 24);
insert into Artist (artistID, name, biography, style, totalExhibitions) values (88, 'Charlena Varfolomeev', 'Vincent van Gogh', 'impressionism', 16);
insert into Artist (artistID, name, biography, style, totalExhibitions) values (89, 'Eden Clynter', 'Leonardo da Vinci', 'realism', 4);
insert into Artist (artistID, name, biography, style, totalExhibitions) values (90, 'Naomi Tainton', 'Leonardo da Vinci', 'abstract', 82);
insert into Artist (artistID, name, biography, style, totalExhibitions) values (91, 'Bat O''Hannay', 'Frida Kahlo', 'impressionism', 11);
insert into Artist (artistID, name, biography, style, totalExhibitions) values (92, 'Raimondo Ambrose', 'Michelangelo', 'realism', 90);
insert into Artist (artistID, name, biography, style, totalExhibitions) values (93, 'Ray Streetfield', 'Michelangelo', 'impressionism', 56);
insert into Artist (artistID, name, biography, style, totalExhibitions) values (94, 'Bobbie Alfonzo', 'Vincent van Gogh', 'abstract', 39);
insert into Artist (artistID, name, biography, style, totalExhibitions) values (95, 'Herrick MacCallum', 'Michelangelo', 'abstract', 82);
insert into Artist (artistID, name, biography, style, totalExhibitions) values (96, 'Glynnis Busen', 'Leonardo da Vinci', 'impressionism', 78);
insert into Artist (artistID, name, biography, style, totalExhibitions) values (97, 'Mufi Proud', 'Vincent van Gogh', 'impressionism', 46);
insert into Artist (artistID, name, biography, style, totalExhibitions) values (98, 'Felicdad Woolis', 'Michelangelo', 'realism', 5);
insert into Artist (artistID, name, biography, style, totalExhibitions) values (99, 'Aloysius Noriega', 'Vincent van Gogh', 'realism', 18);
insert into Artist (artistID, name, biography, style, totalExhibitions) values (100, 'Talbert Cours', 'Michelangelo', 'abstract', 88);
insert into Artwork (artworkID, title, medium, dimensions, creationDate, price, availabilityStatus, artistID) values (1, 'August Evening', 'painting', '36x48', '12/5/2020', 37.75, 'reserved', 74);
insert into Artwork (artworkID, title, medium, dimensions, creationDate, price, availabilityStatus, artistID) values (2, 'Hercules and the Amazon Women', 'painting', '36x48', '7/15/2015', 72.38, 'reserved', 51);
insert into Artwork (artworkID, title, medium, dimensions, creationDate, price, availabilityStatus, artistID) values (3, 'Unbelievable Truth, The', 'sculpture', '24x36', '2/7/2014', 64.15, 'reserved', 47);
insert into Artwork (artworkID, title, medium, dimensions, creationDate, price, availabilityStatus, artistID) values (4, 'Lost City, The', 'painting', '16x20', '9/19/2013', 38.56, 'available', 54);
insert into Artwork (artworkID, title, medium, dimensions, creationDate, price, availabilityStatus, artistID) values (5, 'Victor/Victoria', 'digital', '18x24', '10/12/2023', 52.38, 'available', 91);
insert into Artwork (artworkID, title, medium, dimensions, creationDate, price, availabilityStatus, artistID) values (6, 'Day of the Jackal, The', 'sculpture', '18x24', '11/2/2016', 60.11, 'available', 54);
insert into Artwork (artworkID, title, medium, dimensions, creationDate, price, availabilityStatus, artistID) values (7, 'Lucky Luke: The Ballad of the Daltons', 'painting', '36x48', '9/29/2015', 57.36, 'reserved', 25);
insert into Artwork (artworkID, title, medium, dimensions, creationDate, price, availabilityStatus, artistID) values (8, 'Tender Is the Night', 'digital', '18x24', '3/31/2019', 14.11, 'available', 56);
insert into Artwork (artworkID, title, medium, dimensions, creationDate, price, availabilityStatus, artistID) values (9, 'Cose da pazzi', 'sculpture', '16x20', '10/19/2022', 41.49, 'available', 71);
insert into Artwork (artworkID, title, medium, dimensions, creationDate, price, availabilityStatus, artistID) values (10, 'He Walked by Night', 'digital', '30x40', '6/28/2020', 97.26, 'available', 18);
insert into Artwork (artworkID, title, medium, dimensions, creationDate, price, availabilityStatus, artistID) values (11, 'Ennui, L''', 'sculpture', '24x36', '1/19/2013', 28.68, 'sold', 84);
insert into Artwork (artworkID, title, medium, dimensions, creationDate, price, availabilityStatus, artistID) values (12, 'Just One of the Girls', 'sculpture', '18x24', '8/11/2015', 68.79, 'sold', 45);
insert into Artwork (artworkID, title, medium, dimensions, creationDate, price, availabilityStatus, artistID) values (13, 'Quiet Room, The', 'painting', '24x36', '10/22/2020', 44.32, 'sold', 57);
insert into Artwork (artworkID, title, medium, dimensions, creationDate, price, availabilityStatus, artistID) values (14, 'Slipping-Down Life, A', 'sculpture', '18x24', '12/24/2022', 31.68, 'available', 95);
insert into Artwork (artworkID, title, medium, dimensions, creationDate, price, availabilityStatus, artistID) values (15, 'Game of Death', 'painting', '30x40', '6/19/2014', 67.99, 'sold', 100);
insert into Artwork (artworkID, title, medium, dimensions, creationDate, price, availabilityStatus, artistID) values (16, 'Johnny in the Clouds', 'sculpture', '18x24', '2/6/2015', 89.91, 'reserved', 96);
insert into Artwork (artworkID, title, medium, dimensions, creationDate, price, availabilityStatus, artistID) values (17, 'Nightwatch', 'digital', '24x36', '8/20/2013', 11.47, 'reserved', 44);
insert into Artwork (artworkID, title, medium, dimensions, creationDate, price, availabilityStatus, artistID) values (18, 'Green Zone', 'digital', '36x48', '4/30/2015', 82.38, 'reserved', 71);
insert into Artwork (artworkID, title, medium, dimensions, creationDate, price, availabilityStatus, artistID) values (19, 'Stealing Home', 'digital', '30x40', '8/12/2021', 82.38, 'available', 26);
insert into Artwork (artworkID, title, medium, dimensions, creationDate, price, availabilityStatus, artistID) values (20, 'Dreamchild', 'painting', '30x40', '10/11/2013', 12.15, 'reserved', 2);
insert into Artwork (artworkID, title, medium, dimensions, creationDate, price, availabilityStatus, artistID) values (21, 'Why Me?', 'painting', '24x36', '6/25/2019', 85.7, 'sold', 30);
insert into Artwork (artworkID, title, medium, dimensions, creationDate, price, availabilityStatus, artistID) values (22, 'Stick', 'sculpture', '18x24', '12/13/2019', 30.79, 'available', 35);
insert into Artwork (artworkID, title, medium, dimensions, creationDate, price, availabilityStatus, artistID) values (23, 'Above Us Only Sky', 'sculpture', '16x20', '6/6/2022', 30.18, 'reserved', 90);
insert into Artwork (artworkID, title, medium, dimensions, creationDate, price, availabilityStatus, artistID) values (24, 'Fear Me Not (Den du frygter)', 'painting', '18x24', '11/28/2018', 28.64, 'available', 96);
insert into Artwork (artworkID, title, medium, dimensions, creationDate, price, availabilityStatus, artistID) values (25, 'Emitai', 'digital', '24x36', '7/1/2022', 72.46, 'sold', 46);
insert into Artwork (artworkID, title, medium, dimensions, creationDate, price, availabilityStatus, artistID) values (26, 'Great Debaters, The', 'sculpture', '16x20', '7/22/2015', 26.41, 'reserved', 41);
insert into Artwork (artworkID, title, medium, dimensions, creationDate, price, availabilityStatus, artistID) values (27, 'Rubber', 'painting', '24x36', '12/19/2015', 50.76, 'reserved', 81);
insert into Artwork (artworkID, title, medium, dimensions, creationDate, price, availabilityStatus, artistID) values (28, 'Muppets Take Manhattan, The', 'digital', '36x48', '10/5/2013', 31.13, 'available', 7);
insert into Artwork (artworkID, title, medium, dimensions, creationDate, price, availabilityStatus, artistID) values (29, 'Marianne & Juliane (Die Bleierne Zeit)', 'sculpture', '24x36', '5/20/2016', 55.56, 'reserved', 37);
insert into Artwork (artworkID, title, medium, dimensions, creationDate, price, availabilityStatus, artistID) values (30, 'Berlin Alexanderplatz', 'sculpture', '30x40', '8/7/2022', 67.82, 'available', 79);
insert into Artwork (artworkID, title, medium, dimensions, creationDate, price, availabilityStatus, artistID) values (31, 'Elizabeth: The Golden Age', 'sculpture', '30x40', '3/8/2018', 69.2, 'sold', 32);
insert into Artwork (artworkID, title, medium, dimensions, creationDate, price, availabilityStatus, artistID) values (32, 'Ace High (Quattro dell''Ave Maria, I)', 'digital', '36x48', '8/23/2017', 77.8, 'sold', 82);
insert into Artwork (artworkID, title, medium, dimensions, creationDate, price, availabilityStatus, artistID) values (33, '1612: Khroniki smutnogo vremeni', 'digital', '36x48', '7/19/2019', 1.5, 'sold', 31);
insert into Artwork (artworkID, title, medium, dimensions, creationDate, price, availabilityStatus, artistID) values (34, 'Haunt', 'sculpture', '16x20', '11/12/2021', 59.41, 'available', 4);
insert into Artwork (artworkID, title, medium, dimensions, creationDate, price, availabilityStatus, artistID) values (35, 'Hori Smoku Sailor Jerry: The Life of Norman K. Collins ', 'sculpture', '36x48', '9/29/2021', 42.35, 'available', 68);
insert into Artwork (artworkID, title, medium, dimensions, creationDate, price, availabilityStatus, artistID) values (36, 'Silences of the Palace, The (Saimt el Qusur)', 'sculpture', '36x48', '10/11/2021', 85.46, 'available', 22);
insert into Artwork (artworkID, title, medium, dimensions, creationDate, price, availabilityStatus, artistID) values (37, 'Snakehead Terror', 'painting', '16x20', '8/18/2021', 37.0, 'sold', 56);
insert into Artwork (artworkID, title, medium, dimensions, creationDate, price, availabilityStatus, artistID) values (38, 'Chunhyang', 'sculpture', '16x20', '1/27/2020', 34.81, 'reserved', 53);
insert into Artwork (artworkID, title, medium, dimensions, creationDate, price, availabilityStatus, artistID) values (39, 'Class', 'painting', '30x40', '6/18/2017', 47.05, 'sold', 39);
insert into Artwork (artworkID, title, medium, dimensions, creationDate, price, availabilityStatus, artistID) values (40, 'Critters 3', 'sculpture', '30x40', '8/29/2015', 62.61, 'reserved', 86);
insert into Artwork (artworkID, title, medium, dimensions, creationDate, price, availabilityStatus, artistID) values (41, 'Into the White (Cross of Honour)', 'digital', '18x24', '3/19/2023', 56.01, 'sold', 68);
insert into Artwork (artworkID, title, medium, dimensions, creationDate, price, availabilityStatus, artistID) values (42, 'Brandon Teena Story, The', 'sculpture', '30x40', '11/18/2015', 63.3, 'reserved', 66);
insert into Artwork (artworkID, title, medium, dimensions, creationDate, price, availabilityStatus, artistID) values (43, 'Louise Bourgeois: The Spider, the Mistress and the Tangerine', 'sculpture', '30x40', '4/27/2017', 82.45, 'sold', 66);
insert into Artwork (artworkID, title, medium, dimensions, creationDate, price, availabilityStatus, artistID) values (44, 'Yards, The', 'digital', '24x36', '8/31/2023', 48.86, 'sold', 1);
insert into Artwork (artworkID, title, medium, dimensions, creationDate, price, availabilityStatus, artistID) values (45, 'Planet of the Future, The', 'painting', '30x40', '7/2/2022', 26.4, 'sold', 50);
insert into Artwork (artworkID, title, medium, dimensions, creationDate, price, availabilityStatus, artistID) values (46, 'Funny Bones', 'painting', '24x36', '12/4/2012', 97.48, 'reserved', 13);
insert into Artwork (artworkID, title, medium, dimensions, creationDate, price, availabilityStatus, artistID) values (47, 'Little Girl Who Conquered Time, The (Toki o kakeru shôjo)', 'painting', '30x40', '2/28/2018', 11.1, 'sold', 20);
insert into Artwork (artworkID, title, medium, dimensions, creationDate, price, availabilityStatus, artistID) values (48, 'Gabriela', 'digital', '30x40', '2/13/2018', 78.83, 'available', 73);
insert into Artwork (artworkID, title, medium, dimensions, creationDate, price, availabilityStatus, artistID) values (49, 'Housefull 2', 'digital', '30x40', '5/7/2019', 5.85, 'available', 21);
insert into Artwork (artworkID, title, medium, dimensions, creationDate, price, availabilityStatus, artistID) values (50, 'Cotton Mary', 'painting', '16x20', '11/29/2021', 6.5, 'reserved', 54);
insert into Artwork (artworkID, title, medium, dimensions, creationDate, price, availabilityStatus, artistID) values (51, 'Anna Karenina', 'painting', '16x20', '12/17/2012', 57.73, 'reserved', 22);
insert into Artwork (artworkID, title, medium, dimensions, creationDate, price, availabilityStatus, artistID) values (52, 'State of Things, The (Stand der Dinge, Der)', 'sculpture', '16x20', '11/17/2013', 21.9, 'sold', 48);
insert into Artwork (artworkID, title, medium, dimensions, creationDate, price, availabilityStatus, artistID) values (53, '19th Wife, The', 'digital', '36x48', '9/22/2017', 95.68, 'available', 7);
insert into Artwork (artworkID, title, medium, dimensions, creationDate, price, availabilityStatus, artistID) values (54, 'Eiger Sanction, The', 'sculpture', '36x48', '9/25/2015', 80.19, 'reserved', 61);
insert into Artwork (artworkID, title, medium, dimensions, creationDate, price, availabilityStatus, artistID) values (55, 'Roula', 'painting', '30x40', '8/17/2020', 98.37, 'sold', 49);
insert into Artwork (artworkID, title, medium, dimensions, creationDate, price, availabilityStatus, artistID) values (56, 'Almost Man, The (Mer eller mindre mann)', 'sculpture', '18x24', '12/2/2018', 72.33, 'available', 7);
insert into Artwork (artworkID, title, medium, dimensions, creationDate, price, availabilityStatus, artistID) values (57, 'Traveller', 'sculpture', '18x24', '10/2/2016', 74.31, 'available', 90);
insert into Artwork (artworkID, title, medium, dimensions, creationDate, price, availabilityStatus, artistID) values (58, 'Two Weeks Notice', 'sculpture', '18x24', '7/17/2013', 57.5, 'reserved', 74);
insert into Artwork (artworkID, title, medium, dimensions, creationDate, price, availabilityStatus, artistID) values (59, 'Eclipse, The', 'painting', '30x40', '6/17/2014', 31.27, 'sold', 29);
insert into Artwork (artworkID, title, medium, dimensions, creationDate, price, availabilityStatus, artistID) values (60, 'Replacements, The', 'painting', '30x40', '2/16/2022', 89.65, 'reserved', 50);
insert into Artwork (artworkID, title, medium, dimensions, creationDate, price, availabilityStatus, artistID) values (61, 'Horton Hears a Who!', 'painting', '36x48', '7/2/2023', 70.58, 'sold', 95);
insert into Artwork (artworkID, title, medium, dimensions, creationDate, price, availabilityStatus, artistID) values (62, 'Creature Wasn''t Nice, The (a.k.a. Naked Space) (a.k.a. Spaceship)', 'digital', '24x36', '6/12/2014', 15.62, 'available', 42);
insert into Artwork (artworkID, title, medium, dimensions, creationDate, price, availabilityStatus, artistID) values (63, 'Bloodlust: Subspecies III', 'sculpture', '36x48', '2/18/2017', 21.9, 'available', 83);
insert into Artwork (artworkID, title, medium, dimensions, creationDate, price, availabilityStatus, artistID) values (64, 'Not Safe for Work', 'sculpture', '24x36', '8/22/2015', 2.2, 'sold', 77);
insert into Artwork (artworkID, title, medium, dimensions, creationDate, price, availabilityStatus, artistID) values (65, 'Bugs Bunny''s Looney Christmas Tales', 'sculpture', '18x24', '6/12/2016', 7.07, 'reserved', 32);
insert into Artwork (artworkID, title, medium, dimensions, creationDate, price, availabilityStatus, artistID) values (66, 'Riki-Oh: The Story of Ricky (Lik Wong)', 'digital', '16x20', '4/8/2013', 84.82, 'available', 34);
insert into Artwork (artworkID, title, medium, dimensions, creationDate, price, availabilityStatus, artistID) values (67, 'Winnie the Pooh and a Day for Eeyore', 'digital', '16x20', '1/8/2015', 85.32, 'sold', 10);
insert into Artwork (artworkID, title, medium, dimensions, creationDate, price, availabilityStatus, artistID) values (68, 'Waltz with Bashir (Vals im Bashir)', 'painting', '16x20', '10/23/2015', 65.39, 'sold', 34);
insert into Artwork (artworkID, title, medium, dimensions, creationDate, price, availabilityStatus, artistID) values (69, 'Neo Ned', 'digital', '24x36', '7/31/2015', 82.71, 'reserved', 63);
insert into Artwork (artworkID, title, medium, dimensions, creationDate, price, availabilityStatus, artistID) values (70, 'Colour Me Kubrick: A True...ish Story', 'digital', '18x24', '9/2/2019', 71.82, 'sold', 21);
insert into Artwork (artworkID, title, medium, dimensions, creationDate, price, availabilityStatus, artistID) values (71, 'Naked Blood: Megyaku (Nekeddo burâddo: Megyaku)', 'sculpture', '18x24', '11/29/2021', 10.2, 'available', 71);
insert into Artwork (artworkID, title, medium, dimensions, creationDate, price, availabilityStatus, artistID) values (72, 'Southern Comfort', 'sculpture', '36x48', '6/10/2016', 42.54, 'available', 71);
insert into Artwork (artworkID, title, medium, dimensions, creationDate, price, availabilityStatus, artistID) values (73, 'Brassed Off', 'digital', '30x40', '5/16/2014', 29.16, 'available', 79);
insert into Artwork (artworkID, title, medium, dimensions, creationDate, price, availabilityStatus, artistID) values (74, 'Shifty', 'painting', '18x24', '7/22/2014', 76.0, 'available', 25);
insert into Artwork (artworkID, title, medium, dimensions, creationDate, price, availabilityStatus, artistID) values (75, 'Pirates of Silicon Valley', 'sculpture', '16x20', '4/4/2013', 25.35, 'available', 4);
insert into Artwork (artworkID, title, medium, dimensions, creationDate, price, availabilityStatus, artistID) values (76, 'Family Honeymoon', 'digital', '16x20', '4/11/2013', 10.94, 'sold', 39);
insert into Artwork (artworkID, title, medium, dimensions, creationDate, price, availabilityStatus, artistID) values (77, 'Djomeh', 'digital', '18x24', '9/20/2018', 99.08, 'sold', 31);
insert into Artwork (artworkID, title, medium, dimensions, creationDate, price, availabilityStatus, artistID) values (78, 'Rich Hill', 'digital', '16x20', '1/13/2017', 3.83, 'sold', 64);
insert into Artwork (artworkID, title, medium, dimensions, creationDate, price, availabilityStatus, artistID) values (79, 'Camp X-Ray', 'digital', '18x24', '3/30/2023', 75.77, 'sold', 80);
insert into Artwork (artworkID, title, medium, dimensions, creationDate, price, availabilityStatus, artistID) values (80, 'Everything Is Illuminated', 'digital', '36x48', '3/17/2021', 99.72, 'sold', 98);
insert into Artwork (artworkID, title, medium, dimensions, creationDate, price, availabilityStatus, artistID) values (81, 'Detour ', 'painting', '36x48', '1/7/2017', 63.39, 'sold', 31);
insert into Artwork (artworkID, title, medium, dimensions, creationDate, price, availabilityStatus, artistID) values (82, 'Affair in Trinidad', 'sculpture', '36x48', '4/23/2013', 36.6, 'reserved', 32);
insert into Artwork (artworkID, title, medium, dimensions, creationDate, price, availabilityStatus, artistID) values (83, 'Impure Thoughts', 'digital', '36x48', '2/6/2020', 50.35, 'available', 46);
insert into Artwork (artworkID, title, medium, dimensions, creationDate, price, availabilityStatus, artistID) values (84, 'Birdcage, The', 'digital', '36x48', '4/28/2014', 6.84, 'available', 55);
insert into Artwork (artworkID, title, medium, dimensions, creationDate, price, availabilityStatus, artistID) values (85, 'Dan in Real Life', 'digital', '30x40', '4/2/2014', 96.98, 'reserved', 39);
insert into Artwork (artworkID, title, medium, dimensions, creationDate, price, availabilityStatus, artistID) values (86, 'Go for It', 'digital', '24x36', '3/17/2019', 75.02, 'sold', 57);
insert into Artwork (artworkID, title, medium, dimensions, creationDate, price, availabilityStatus, artistID) values (87, 'In Bruges', 'digital', '16x20', '3/2/2023', 62.07, 'available', 98);
insert into Artwork (artworkID, title, medium, dimensions, creationDate, price, availabilityStatus, artistID) values (88, 'Grand Isle', 'painting', '18x24', '1/22/2016', 35.59, 'available', 27);
insert into Artwork (artworkID, title, medium, dimensions, creationDate, price, availabilityStatus, artistID) values (89, 'All That Heaven Allows', 'sculpture', '16x20', '6/7/2017', 63.91, 'available', 45);
insert into Artwork (artworkID, title, medium, dimensions, creationDate, price, availabilityStatus, artistID) values (90, 'Wild Geese II', 'painting', '30x40', '5/12/2023', 36.06, 'reserved', 71);
insert into Artwork (artworkID, title, medium, dimensions, creationDate, price, availabilityStatus, artistID) values (91, 'Hidalgo', 'digital', '16x20', '10/21/2019', 27.51, 'available', 52);
insert into Artwork (artworkID, title, medium, dimensions, creationDate, price, availabilityStatus, artistID) values (92, 'Countdown to Zero', 'digital', '18x24', '7/5/2018', 93.09, 'sold', 51);
insert into Artwork (artworkID, title, medium, dimensions, creationDate, price, availabilityStatus, artistID) values (93, 'Time Freak', 'sculpture', '36x48', '12/11/2019', 84.67, 'reserved', 43);
insert into Artwork (artworkID, title, medium, dimensions, creationDate, price, availabilityStatus, artistID) values (94, 'Tom Sawyer', 'digital', '30x40', '8/15/2014', 44.48, 'available', 34);
insert into Artwork (artworkID, title, medium, dimensions, creationDate, price, availabilityStatus, artistID) values (95, 'WALL·E', 'digital', '36x48', '5/19/2021', 5.93, 'sold', 77);
insert into Artwork (artworkID, title, medium, dimensions, creationDate, price, availabilityStatus, artistID) values (96, 'Four Days of Naples, The (Le quattro giornate di Napoli)', 'sculpture', '18x24', '1/6/2018', 5.22, 'reserved', 89);
insert into Artwork (artworkID, title, medium, dimensions, creationDate, price, availabilityStatus, artistID) values (97, 'Beautiful City (Shah-re ziba)', 'digital', '36x48', '2/12/2019', 35.72, 'available', 42);
insert into Artwork (artworkID, title, medium, dimensions, creationDate, price, availabilityStatus, artistID) values (98, 'Broken', 'sculpture', '24x36', '6/1/2017', 10.41, 'available', 22);
insert into Artwork (artworkID, title, medium, dimensions, creationDate, price, availabilityStatus, artistID) values (99, 'Great Gatsby, The', 'sculpture', '18x24', '12/24/2020', 37.04, 'available', 71);
insert into Artwork (artworkID, title, medium, dimensions, creationDate, price, availabilityStatus, artistID) values (100, 'Lupin III: Sweet Lost Night (Rupan Sansei: Sweet Lost Night)', 'sculpture', '24x36', '1/21/2018', 78.79, 'reserved', 76);
insert into Artwork (artworkID, title, medium, dimensions, creationDate, price, availabilityStatus, artistID) values (101, 'Too Tough to Die: A Tribute to Johnny Ramone', 'painting', '18x24', '11/12/2013', 61.58, 'available', 32);
insert into Artwork (artworkID, title, medium, dimensions, creationDate, price, availabilityStatus, artistID) values (102, 'Player''s Club, The', 'painting', '30x40', '11/22/2018', 61.65, 'reserved', 17);
insert into Artwork (artworkID, title, medium, dimensions, creationDate, price, availabilityStatus, artistID) values (103, 'Flu', 'painting', '18x24', '3/31/2017', 97.67, 'available', 37);
insert into Artwork (artworkID, title, medium, dimensions, creationDate, price, availabilityStatus, artistID) values (104, 'Black Friday', 'painting', '24x36', '5/27/2013', 22.34, 'reserved', 24);
insert into Artwork (artworkID, title, medium, dimensions, creationDate, price, availabilityStatus, artistID) values (105, 'Manhunter', 'sculpture', '36x48', '5/27/2019', 86.33, 'available', 83);
insert into Artwork (artworkID, title, medium, dimensions, creationDate, price, availabilityStatus, artistID) values (106, 'Time Traveler''s Wife, The', 'digital', '36x48', '5/14/2016', 34.79, 'reserved', 60);
insert into Artwork (artworkID, title, medium, dimensions, creationDate, price, availabilityStatus, artistID) values (107, 'Night of the Hunted, The (Nuit des traquées, La)', 'digital', '16x20', '8/14/2020', 6.6, 'available', 23);
insert into Artwork (artworkID, title, medium, dimensions, creationDate, price, availabilityStatus, artistID) values (108, 'Côte d''Azur (Crustacés et coquillages)', 'sculpture', '24x36', '4/5/2021', 5.12, 'reserved', 63);
insert into Artwork (artworkID, title, medium, dimensions, creationDate, price, availabilityStatus, artistID) values (109, 'Toy Story Toons: Small Fry', 'sculpture', '18x24', '1/11/2014', 53.95, 'reserved', 9);
insert into Artwork (artworkID, title, medium, dimensions, creationDate, price, availabilityStatus, artistID) values (110, '7 Women (a.k.a. Seven Women)', 'painting', '24x36', '9/5/2015', 80.98, 'sold', 34);
insert into Artwork (artworkID, title, medium, dimensions, creationDate, price, availabilityStatus, artistID) values (111, 'Age of the Dragons', 'digital', '36x48', '4/3/2015', 13.4, 'sold', 82);
insert into Artwork (artworkID, title, medium, dimensions, creationDate, price, availabilityStatus, artistID) values (112, 'Electric Shadows (Meng ying tong nian)', 'sculpture', '16x20', '6/11/2016', 89.0, 'sold', 42);
insert into Artwork (artworkID, title, medium, dimensions, creationDate, price, availabilityStatus, artistID) values (113, 'President''s Analyst, The', 'painting', '30x40', '1/26/2018', 18.4, 'reserved', 62);
insert into Artwork (artworkID, title, medium, dimensions, creationDate, price, availabilityStatus, artistID) values (114, 'Road, The', 'digital', '30x40', '8/12/2020', 23.4, 'sold', 72);
insert into Artwork (artworkID, title, medium, dimensions, creationDate, price, availabilityStatus, artistID) values (115, 'Disney Princess Collection: Jasmine''s Enchanted Tales: Jasmine''s Wish', 'sculpture', '30x40', '7/19/2016', 90.35, 'reserved', 9);
insert into Artwork (artworkID, title, medium, dimensions, creationDate, price, availabilityStatus, artistID) values (116, 'McCullin', 'sculpture', '24x36', '10/1/2017', 78.39, 'sold', 28);
insert into Artwork (artworkID, title, medium, dimensions, creationDate, price, availabilityStatus, artistID) values (117, 'Lights Out', 'digital', '36x48', '12/30/2020', 89.44, 'available', 56);
insert into Artwork (artworkID, title, medium, dimensions, creationDate, price, availabilityStatus, artistID) values (118, 'Goat, The', 'digital', '18x24', '11/9/2020', 74.25, 'sold', 28);
insert into Artwork (artworkID, title, medium, dimensions, creationDate, price, availabilityStatus, artistID) values (119, 'Whole Nine Yards, The', 'digital', '16x20', '10/3/2023', 81.98, 'available', 20);
insert into Artwork (artworkID, title, medium, dimensions, creationDate, price, availabilityStatus, artistID) values (120, 'Pajama Game, The', 'digital', '30x40', '2/6/2020', 43.2, 'available', 85);
insert into Artwork (artworkID, title, medium, dimensions, creationDate, price, availabilityStatus, artistID) values (121, 'Bohemian Life, The (La vie de bohème)', 'digital', '16x20', '6/1/2023', 58.85, 'sold', 48);
insert into Artwork (artworkID, title, medium, dimensions, creationDate, price, availabilityStatus, artistID) values (122, 'The Violent Enemy', 'digital', '36x48', '10/1/2016', 15.53, 'sold', 4);
insert into Artwork (artworkID, title, medium, dimensions, creationDate, price, availabilityStatus, artistID) values (123, 'Woodsman, The', 'digital', '36x48', '11/11/2020', 68.59, 'available', 17);
insert into Artwork (artworkID, title, medium, dimensions, creationDate, price, availabilityStatus, artistID) values (124, 'Cucaracha, La', 'digital', '30x40', '10/14/2019', 14.07, 'reserved', 48);
insert into Artwork (artworkID, title, medium, dimensions, creationDate, price, availabilityStatus, artistID) values (125, 'Jimmy''s Hall', 'painting', '16x20', '9/23/2021', 12.21, 'sold', 95);
insert into Artwork (artworkID, title, medium, dimensions, creationDate, price, availabilityStatus, artistID) values (126, 'Baby On Board', 'sculpture', '18x24', '1/21/2023', 32.96, 'available', 90);
insert into Artwork (artworkID, title, medium, dimensions, creationDate, price, availabilityStatus, artistID) values (127, 'North Beach', 'digital', '24x36', '9/10/2016', 25.69, 'reserved', 83);
insert into Artwork (artworkID, title, medium, dimensions, creationDate, price, availabilityStatus, artistID) values (128, 'News from Home', 'digital', '18x24', '9/27/2022', 42.84, 'reserved', 93);
insert into Artwork (artworkID, title, medium, dimensions, creationDate, price, availabilityStatus, artistID) values (129, 'Paradise: Hope (Paradies: Hoffnung)', 'sculpture', '24x36', '5/26/2018', 45.89, 'sold', 61);
insert into Artwork (artworkID, title, medium, dimensions, creationDate, price, availabilityStatus, artistID) values (130, 'Wassup Rockers', 'digital', '36x48', '5/11/2014', 88.59, 'reserved', 17);
insert into Artwork (artworkID, title, medium, dimensions, creationDate, price, availabilityStatus, artistID) values (131, '42', 'sculpture', '18x24', '2/4/2020', 86.39, 'sold', 84);
insert into Artwork (artworkID, title, medium, dimensions, creationDate, price, availabilityStatus, artistID) values (132, 'Evil of Frankenstein, The', 'digital', '16x20', '3/21/2014', 89.3, 'reserved', 55);
insert into Artwork (artworkID, title, medium, dimensions, creationDate, price, availabilityStatus, artistID) values (133, 'All About Lola (Ce que je sais de Lola) (Lo que sé de Lola)', 'sculpture', '16x20', '10/5/2021', 31.86, 'reserved', 74);
insert into Artwork (artworkID, title, medium, dimensions, creationDate, price, availabilityStatus, artistID) values (134, 'Endgame', 'sculpture', '30x40', '12/4/2022', 48.07, 'available', 19);
insert into Artwork (artworkID, title, medium, dimensions, creationDate, price, availabilityStatus, artistID) values (135, 'Stooge, The', 'sculpture', '36x48', '8/1/2013', 99.4, 'reserved', 30);
insert into Artwork (artworkID, title, medium, dimensions, creationDate, price, availabilityStatus, artistID) values (136, 'Take the Money and Run', 'sculpture', '18x24', '2/15/2020', 71.15, 'sold', 18);
insert into Artwork (artworkID, title, medium, dimensions, creationDate, price, availabilityStatus, artistID) values (137, 'Station West', 'digital', '36x48', '3/4/2015', 45.56, 'reserved', 42);
insert into Artwork (artworkID, title, medium, dimensions, creationDate, price, availabilityStatus, artistID) values (138, 'Love''s Kitchen', 'painting', '16x20', '11/8/2017', 70.66, 'available', 14);
insert into Artwork (artworkID, title, medium, dimensions, creationDate, price, availabilityStatus, artistID) values (139, 'Bitter Creek', 'sculpture', '18x24', '12/5/2022', 62.7, 'reserved', 23);
insert into Artwork (artworkID, title, medium, dimensions, creationDate, price, availabilityStatus, artistID) values (140, 'Kill Me Again', 'digital', '18x24', '3/23/2020', 25.8, 'reserved', 100);
insert into Artwork (artworkID, title, medium, dimensions, creationDate, price, availabilityStatus, artistID) values (141, 'Thousand Clowns, A', 'digital', '36x48', '12/18/2015', 35.78, 'reserved', 18);
insert into Artwork (artworkID, title, medium, dimensions, creationDate, price, availabilityStatus, artistID) values (142, 'Legion', 'digital', '16x20', '7/11/2018', 88.36, 'reserved', 43);
insert into Artwork (artworkID, title, medium, dimensions, creationDate, price, availabilityStatus, artistID) values (143, 'Burrowing (Man tänker sitt)', 'painting', '36x48', '3/15/2020', 11.55, 'available', 94);
insert into Artwork (artworkID, title, medium, dimensions, creationDate, price, availabilityStatus, artistID) values (144, 'Stark Raving Mad', 'digital', '24x36', '2/3/2021', 31.04, 'available', 68);
insert into Artwork (artworkID, title, medium, dimensions, creationDate, price, availabilityStatus, artistID) values (145, 'Escape Artist, The', 'painting', '24x36', '1/26/2015', 59.46, 'sold', 8);
insert into Artwork (artworkID, title, medium, dimensions, creationDate, price, availabilityStatus, artistID) values (146, 'Casino', 'digital', '24x36', '6/11/2014', 68.63, 'sold', 55);
insert into Artwork (artworkID, title, medium, dimensions, creationDate, price, availabilityStatus, artistID) values (147, 'Inheritance, The (Arven)', 'painting', '18x24', '3/3/2019', 37.98, 'sold', 94);
insert into Artwork (artworkID, title, medium, dimensions, creationDate, price, availabilityStatus, artistID) values (148, 'Ride', 'sculpture', '36x48', '7/5/2023', 92.66, 'reserved', 10);
insert into Artwork (artworkID, title, medium, dimensions, creationDate, price, availabilityStatus, artistID) values (149, 'Plaza Suite', 'sculpture', '16x20', '3/16/2019', 89.05, 'sold', 15);
insert into Artwork (artworkID, title, medium, dimensions, creationDate, price, availabilityStatus, artistID) values (150, 'Switch', 'painting', '18x24', '2/22/2019', 12.7, 'sold', 57);
insert into Artwork (artworkID, title, medium, dimensions, creationDate, price, availabilityStatus, artistID) values (151, 'My Life Without Me', 'sculpture', '16x20', '7/28/2015', 23.12, 'sold', 8);
insert into Artwork (artworkID, title, medium, dimensions, creationDate, price, availabilityStatus, artistID) values (152, 'The Bloodstained Butterfly', 'digital', '16x20', '7/3/2018', 53.08, 'sold', 13);
insert into Artwork (artworkID, title, medium, dimensions, creationDate, price, availabilityStatus, artistID) values (153, 'Honey', 'painting', '16x20', '10/4/2016', 96.76, 'sold', 65);
insert into Artwork (artworkID, title, medium, dimensions, creationDate, price, availabilityStatus, artistID) values (154, 'Tales from the Darkside: The Movie', 'digital', '36x48', '4/22/2019', 79.3, 'sold', 48);
insert into Artwork (artworkID, title, medium, dimensions, creationDate, price, availabilityStatus, artistID) values (155, 'Three Colors: Blue (Trois couleurs: Bleu)', 'digital', '30x40', '8/13/2022', 67.35, 'reserved', 94);
insert into Artwork (artworkID, title, medium, dimensions, creationDate, price, availabilityStatus, artistID) values (156, 'Superbad', 'digital', '18x24', '10/2/2021', 28.92, 'reserved', 9);
insert into Artwork (artworkID, title, medium, dimensions, creationDate, price, availabilityStatus, artistID) values (157, 'Soft Toilet Seats', 'digital', '18x24', '8/14/2019', 88.83, 'available', 59);
insert into Artwork (artworkID, title, medium, dimensions, creationDate, price, availabilityStatus, artistID) values (158, 'Mr. Bug Goes to Town (a.k.a. Hoppity Goes to Town)', 'painting', '16x20', '5/19/2020', 44.55, 'sold', 33);
insert into Artwork (artworkID, title, medium, dimensions, creationDate, price, availabilityStatus, artistID) values (159, 'Stolen Children (Ladro di bambini, Il)', 'digital', '30x40', '4/17/2015', 41.49, 'sold', 86);
insert into Artwork (artworkID, title, medium, dimensions, creationDate, price, availabilityStatus, artistID) values (160, 'Irresistible', 'sculpture', '24x36', '7/22/2014', 28.09, 'available', 32);
insert into Artwork (artworkID, title, medium, dimensions, creationDate, price, availabilityStatus, artistID) values (161, 'Casablanca', 'digital', '24x36', '4/2/2013', 92.9, 'sold', 97);
insert into Artwork (artworkID, title, medium, dimensions, creationDate, price, availabilityStatus, artistID) values (162, 'Those Awful Hats', 'digital', '18x24', '8/10/2020', 2.58, 'available', 89);
insert into Artwork (artworkID, title, medium, dimensions, creationDate, price, availabilityStatus, artistID) values (163, 'Man of a Thousand Faces', 'sculpture', '24x36', '1/23/2022', 22.86, 'sold', 47);
insert into Artwork (artworkID, title, medium, dimensions, creationDate, price, availabilityStatus, artistID) values (164, 'Ugly, The', 'digital', '18x24', '11/27/2017', 77.98, 'available', 14);
insert into Artwork (artworkID, title, medium, dimensions, creationDate, price, availabilityStatus, artistID) values (165, 'Saints and Soldiers', 'digital', '30x40', '1/22/2014', 6.89, 'sold', 37);
insert into Artwork (artworkID, title, medium, dimensions, creationDate, price, availabilityStatus, artistID) values (166, 'With Six You Get Eggroll', 'sculpture', '36x48', '10/13/2017', 92.72, 'sold', 36);
insert into Artwork (artworkID, title, medium, dimensions, creationDate, price, availabilityStatus, artistID) values (167, 'Party Girl', 'digital', '36x48', '3/30/2014', 28.5, 'reserved', 47);
insert into Artwork (artworkID, title, medium, dimensions, creationDate, price, availabilityStatus, artistID) values (168, 'Headquarters (Päämaja) ', 'painting', '16x20', '8/5/2018', 70.04, 'reserved', 65);
insert into Artwork (artworkID, title, medium, dimensions, creationDate, price, availabilityStatus, artistID) values (169, 'The Big Cube', 'painting', '24x36', '2/15/2018', 54.48, 'sold', 60);
insert into Artwork (artworkID, title, medium, dimensions, creationDate, price, availabilityStatus, artistID) values (170, 'Goliyon Ki Raasleela Ram-Leela', 'digital', '18x24', '10/22/2013', 41.02, 'reserved', 11);
insert into Artwork (artworkID, title, medium, dimensions, creationDate, price, availabilityStatus, artistID) values (171, 'Loving You', 'painting', '24x36', '3/5/2022', 74.86, 'reserved', 53);
insert into Artwork (artworkID, title, medium, dimensions, creationDate, price, availabilityStatus, artistID) values (172, 'Midnight Movies: From the Margin to the Mainstream', 'sculpture', '30x40', '3/23/2017', 86.87, 'available', 99);
insert into Artwork (artworkID, title, medium, dimensions, creationDate, price, availabilityStatus, artistID) values (173, 'Wolverine, The', 'sculpture', '16x20', '7/20/2023', 18.22, 'reserved', 91);
insert into Artwork (artworkID, title, medium, dimensions, creationDate, price, availabilityStatus, artistID) values (174, 'Alan Smithee Film: Burn Hollywood Burn, An', 'sculpture', '24x36', '1/21/2016', 96.24, 'sold', 99);
insert into Artwork (artworkID, title, medium, dimensions, creationDate, price, availabilityStatus, artistID) values (175, 'Jade', 'sculpture', '36x48', '8/22/2013', 76.06, 'available', 85);
insert into Artwork (artworkID, title, medium, dimensions, creationDate, price, availabilityStatus, artistID) values (176, 'Canadian Bacon', 'digital', '36x48', '12/24/2021', 78.73, 'sold', 27);
insert into Artwork (artworkID, title, medium, dimensions, creationDate, price, availabilityStatus, artistID) values (177, 'More Dead Than Alive', 'sculpture', '30x40', '1/22/2016', 59.17, 'available', 50);
insert into Artwork (artworkID, title, medium, dimensions, creationDate, price, availabilityStatus, artistID) values (178, 'High Tension (Haute tension) (Switchblade Romance)', 'sculpture', '30x40', '6/30/2015', 87.21, 'sold', 32);
insert into Artwork (artworkID, title, medium, dimensions, creationDate, price, availabilityStatus, artistID) values (179, 'Cross of Lorraine, The', 'digital', '16x20', '3/21/2019', 20.13, 'available', 20);
insert into Artwork (artworkID, title, medium, dimensions, creationDate, price, availabilityStatus, artistID) values (180, 'Man in the Iron Mask, The', 'sculpture', '16x20', '9/3/2013', 72.57, 'sold', 90);
insert into Artwork (artworkID, title, medium, dimensions, creationDate, price, availabilityStatus, artistID) values (181, 'Arsenic and Old Lace', 'digital', '30x40', '12/29/2013', 93.27, 'sold', 38);
insert into Artwork (artworkID, title, medium, dimensions, creationDate, price, availabilityStatus, artistID) values (182, 'S.W.A.T.: Firefight', 'digital', '16x20', '10/8/2021', 15.73, 'reserved', 34);
insert into Artwork (artworkID, title, medium, dimensions, creationDate, price, availabilityStatus, artistID) values (183, 'Physician, The', 'sculpture', '30x40', '6/28/2016', 85.97, 'available', 58);
insert into Artwork (artworkID, title, medium, dimensions, creationDate, price, availabilityStatus, artistID) values (184, 'Gone to Earth', 'sculpture', '30x40', '3/25/2017', 64.93, 'sold', 91);
insert into Artwork (artworkID, title, medium, dimensions, creationDate, price, availabilityStatus, artistID) values (185, 'Inevitable Defeat of Mister & Pete, The', 'painting', '36x48', '5/22/2020', 14.76, 'reserved', 36);
insert into Artwork (artworkID, title, medium, dimensions, creationDate, price, availabilityStatus, artistID) values (186, 'Sel8nne', 'digital', '36x48', '7/29/2016', 37.8, 'available', 84);
insert into Artwork (artworkID, title, medium, dimensions, creationDate, price, availabilityStatus, artistID) values (187, 'Schultze Gets the Blues', 'sculpture', '24x36', '4/10/2014', 35.71, 'reserved', 35);
insert into Artwork (artworkID, title, medium, dimensions, creationDate, price, availabilityStatus, artistID) values (188, 'Way, Way Back, The', 'digital', '30x40', '12/21/2022', 24.83, 'sold', 10);
insert into Artwork (artworkID, title, medium, dimensions, creationDate, price, availabilityStatus, artistID) values (189, 'Too Many Cooks', 'painting', '18x24', '12/21/2019', 26.98, 'reserved', 21);
insert into Artwork (artworkID, title, medium, dimensions, creationDate, price, availabilityStatus, artistID) values (190, 'Christmas Toy, The', 'sculpture', '36x48', '5/17/2017', 24.27, 'available', 14);
insert into Artwork (artworkID, title, medium, dimensions, creationDate, price, availabilityStatus, artistID) values (191, 'Child''s Pose', 'digital', '24x36', '12/13/2015', 32.21, 'sold', 97);
insert into Artwork (artworkID, title, medium, dimensions, creationDate, price, availabilityStatus, artistID) values (192, 'Frozen', 'digital', '18x24', '1/17/2019', 70.28, 'reserved', 47);
insert into Artwork (artworkID, title, medium, dimensions, creationDate, price, availabilityStatus, artistID) values (193, 'Myn Bala: Warriors of the Steppe', 'digital', '36x48', '11/1/2022', 66.04, 'sold', 65);
insert into Artwork (artworkID, title, medium, dimensions, creationDate, price, availabilityStatus, artistID) values (194, 'Margaret', 'painting', '18x24', '7/11/2014', 49.23, 'sold', 42);
insert into Artwork (artworkID, title, medium, dimensions, creationDate, price, availabilityStatus, artistID) values (195, 'Once in a Lifetime: The Extraordinary Story of the New York Cosmos', 'digital', '30x40', '10/23/2021', 83.71, 'available', 98);
insert into Artwork (artworkID, title, medium, dimensions, creationDate, price, availabilityStatus, artistID) values (196, 'Kings of the Sun', 'sculpture', '36x48', '4/4/2023', 40.25, 'available', 58);
insert into Artwork (artworkID, title, medium, dimensions, creationDate, price, availabilityStatus, artistID) values (197, 'Forbidden Christ, The (Cristo proibito, Il)', 'painting', '18x24', '3/2/2020', 93.35, 'sold', 39);
insert into Artwork (artworkID, title, medium, dimensions, creationDate, price, availabilityStatus, artistID) values (198, 'World According to Sesame Street, The', 'digital', '36x48', '8/27/2020', 41.4, 'sold', 94);
insert into Artwork (artworkID, title, medium, dimensions, creationDate, price, availabilityStatus, artistID) values (199, 'Genghis Blues', 'painting', '18x24', '4/10/2017', 95.26, 'sold', 45);
insert into Artwork (artworkID, title, medium, dimensions, creationDate, price, availabilityStatus, artistID) values (200, 'Too Early, Too Late (Trop tôt, trop tard)', 'painting', '18x24', '10/10/2023', 39.99, 'reserved', 23);
insert into collector (collectorID, collectorName, preferences) values (1, 'Florina MacGinlay', 'digital');
insert into collector (collectorID, collectorName, preferences) values (2, 'Myles Bart', 'sculpture');
insert into collector (collectorID, collectorName, preferences) values (3, 'Silva Illing', 'painting');
insert into collector (collectorID, collectorName, preferences) values (4, 'Kandace Aleshkov', 'painting');
insert into collector (collectorID, collectorName, preferences) values (5, 'Valdemar Letch', 'painting');
insert into collector (collectorID, collectorName, preferences) values (6, 'Maddy Chaudret', 'digital');
insert into collector (collectorID, collectorName, preferences) values (7, 'Prentiss Hovel', 'sculpture');
insert into collector (collectorID, collectorName, preferences) values (8, 'Celina Shearmer', 'digital');
insert into collector (collectorID, collectorName, preferences) values (9, 'Louisa Lacheze', 'sculpture');
insert into collector (collectorID, collectorName, preferences) values (10, 'Drew Harsent', 'painting');
insert into collector (collectorID, collectorName, preferences) values (11, 'Fidel Burriss', 'sculpture');
insert into collector (collectorID, collectorName, preferences) values (12, 'Zsazsa Scoble', 'sculpture');
insert into collector (collectorID, collectorName, preferences) values (13, 'Saundra Jowitt', 'sculpture');
insert into collector (collectorID, collectorName, preferences) values (14, 'Arlan Stirton', null);
insert into collector (collectorID, collectorName, preferences) values (15, 'Alessandra Chantler', 'digital');
insert into collector (collectorID, collectorName, preferences) values (16, 'Bentley Meeking', 'painting');
insert into collector (collectorID, collectorName, preferences) values (17, 'Pattie Badsworth', 'sculpture');
insert into collector (collectorID, collectorName, preferences) values (18, 'Mamie Verna', 'digital');
insert into collector (collectorID, collectorName, preferences) values (19, 'Sax Braun', 'painting');
insert into collector (collectorID, collectorName, preferences) values (20, 'Carole Liquorish', 'digital');
insert into collector (collectorID, collectorName, preferences) values (21, 'Maximilianus Hakey', 'sculpture');
insert into collector (collectorID, collectorName, preferences) values (22, 'Kattie Brosh', 'painting');
insert into collector (collectorID, collectorName, preferences) values (23, 'Mathe Pie', 'digital');
insert into collector (collectorID, collectorName, preferences) values (24, 'Cati Scoffins', 'digital');
insert into collector (collectorID, collectorName, preferences) values (25, 'Carma Covolini', 'sculpture');
insert into collector (collectorID, collectorName, preferences) values (26, 'Germana Madine', 'painting');
insert into collector (collectorID, collectorName, preferences) values (27, 'Jenda Pettegre', null);
insert into collector (collectorID, collectorName, preferences) values (28, 'Cindra Braley', 'digital');
insert into collector (collectorID, collectorName, preferences) values (29, 'Amber Lorenzin', 'painting');
insert into collector (collectorID, collectorName, preferences) values (30, 'Saunders Oag', 'digital');
insert into collector (collectorID, collectorName, preferences) values (31, 'Cullen Royall', null);
insert into collector (collectorID, collectorName, preferences) values (32, 'Britte Caulier', 'sculpture');
insert into collector (collectorID, collectorName, preferences) values (33, 'Aila Caughte', 'sculpture');
insert into collector (collectorID, collectorName, preferences) values (34, 'Alden Dibner', 'sculpture');
insert into collector (collectorID, collectorName, preferences) values (35, 'Corey Blasgen', 'painting');
insert into collector (collectorID, collectorName, preferences) values (36, 'Mariette MacGray', 'painting');
insert into collector (collectorID, collectorName, preferences) values (37, 'Carce Robet', 'painting');
insert into collector (collectorID, collectorName, preferences) values (38, 'Hi Cohrs', 'painting');
insert into collector (collectorID, collectorName, preferences) values (39, 'Eulalie Killough', 'digital');
insert into collector (collectorID, collectorName, preferences) values (40, 'Etan Yegorchenkov', 'sculpture');
insert into collector (collectorID, collectorName, preferences) values (41, 'Roxanna Glasspool', 'sculpture');
insert into collector (collectorID, collectorName, preferences) values (42, 'Karol Pero', null);
insert into collector (collectorID, collectorName, preferences) values (43, 'Todd Tremblay', null);
insert into collector (collectorID, collectorName, preferences) values (44, 'Clive Hardi', 'painting');
insert into collector (collectorID, collectorName, preferences) values (45, 'Nertie Masterson', null);
insert into collector (collectorID, collectorName, preferences) values (46, 'Lynnea Creasey', 'sculpture');
insert into collector (collectorID, collectorName, preferences) values (47, 'Kira Nodin', 'sculpture');
insert into collector (collectorID, collectorName, preferences) values (48, 'Adan Guyonneau', 'sculpture');
insert into collector (collectorID, collectorName, preferences) values (49, 'Odell Frood', null);
insert into collector (collectorID, collectorName, preferences) values (50, 'Alfred Calvert', 'digital');
insert into collectArtworks (collectArtworkID, collectorID, artworkID) values (1, 26, 11);
insert into collectArtworks (collectArtworkID, collectorID, artworkID) values (2, 26, 12);
insert into collectArtworks (collectArtworkID, collectorID, artworkID) values (3, 35, 13);
insert into collectArtworks (collectArtworkID, collectorID, artworkID) values (4, 34, 15);
insert into collectArtworks (collectArtworkID, collectorID, artworkID) values (5, 11, 21);
insert into collectArtworks (collectArtworkID, collectorID, artworkID) values (6, 43, 25);
insert into collectArtworks (collectArtworkID, collectorID, artworkID) values (7, 31, 31);
insert into collectArtworks (collectArtworkID, collectorID, artworkID) values (8, 26, 32);
insert into collectArtworks (collectArtworkID, collectorID, artworkID) values (9, 9, 33);
insert into collectArtworks (collectArtworkID, collectorID, artworkID) values (10, 10, 37);
insert into collectArtworks (collectArtworkID, collectorID, artworkID) values (11, 49, 39);
insert into collectArtworks (collectArtworkID, collectorID, artworkID) values (12, 20, 41);
insert into collectArtworks (collectArtworkID, collectorID, artworkID) values (13, 46, 43);
insert into collectArtworks (collectArtworkID, collectorID, artworkID) values (14, 47, 44);
insert into collectArtworks (collectArtworkID, collectorID, artworkID) values (15, 3, 45);
insert into collectArtworks (collectArtworkID, collectorID, artworkID) values (16, 30, 47);
insert into collectArtworks (collectArtworkID, collectorID, artworkID) values (17, 33, 52);
insert into collectArtworks (collectArtworkID, collectorID, artworkID) values (18, 5, 55);
insert into collectArtworks (collectArtworkID, collectorID, artworkID) values (19, 20, 59);
insert into collectArtworks (collectArtworkID, collectorID, artworkID) values (20, 14, 61);
insert into collectArtworks (collectArtworkID, collectorID, artworkID) values (21, 36, 64);
insert into collectArtworks (collectArtworkID, collectorID, artworkID) values (22, 48, 67);
insert into collectArtworks (collectArtworkID, collectorID, artworkID) values (23, 2, 68);
insert into collectArtworks (collectArtworkID, collectorID, artworkID) values (24, 28, 70);
insert into collectArtworks (collectArtworkID, collectorID, artworkID) values (25, 25, 76);
insert into collectArtworks (collectArtworkID, collectorID, artworkID) values (26, 34, 77);
insert into collectArtworks (collectArtworkID, collectorID, artworkID) values (27, 36, 78);
insert into collectArtworks (collectArtworkID, collectorID, artworkID) values (28, 31, 79);
insert into collectArtworks (collectArtworkID, collectorID, artworkID) values (29, 1, 80);
insert into collectArtworks (collectArtworkID, collectorID, artworkID) values (30, 44, 81);
insert into collectArtworks (collectArtworkID, collectorID, artworkID) values (31, 14, 86);
insert into collectArtworks (collectArtworkID, collectorID, artworkID) values (32, 4, 92);
insert into collectArtworks (collectArtworkID, collectorID, artworkID) values (33, 29, 95);
insert into collectArtworks (collectArtworkID, collectorID, artworkID) values (34, 24, 110);
insert into collectArtworks (collectArtworkID, collectorID, artworkID) values (35, 22, 111);
insert into collectArtworks (collectArtworkID, collectorID, artworkID) values (36, 49, 112);
insert into collectArtworks (collectArtworkID, collectorID, artworkID) values (37, 36, 114);
insert into collectArtworks (collectArtworkID, collectorID, artworkID) values (38, 43, 116);
insert into collectArtworks (collectArtworkID, collectorID, artworkID) values (39, 21, 118);
insert into collectArtworks (collectArtworkID, collectorID, artworkID) values (40, 22, 121);
insert into collectArtworks (collectArtworkID, collectorID, artworkID) values (41, 23, 122);
insert into collectArtworks (collectArtworkID, collectorID, artworkID) values (42, 21, 125);
insert into collectArtworks (collectArtworkID, collectorID, artworkID) values (43, 49, 129);
insert into collectArtworks (collectArtworkID, collectorID, artworkID) values (44, 49, 131);
insert into collectArtworks (collectArtworkID, collectorID, artworkID) values (45, 50, 136);
insert into collectArtworks (collectArtworkID, collectorID, artworkID) values (46, 35, 145);
insert into collectArtworks (collectArtworkID, collectorID, artworkID) values (47, 30, 146);
insert into collectArtworks (collectArtworkID, collectorID, artworkID) values (48, 34, 147);
insert into collectArtworks (collectArtworkID, collectorID, artworkID) values (49, 8, 149);
insert into collectArtworks (collectArtworkID, collectorID, artworkID) values (50, 48, 150);
insert into collectArtworks (collectArtworkID, collectorID, artworkID) values (51, 15, 151);
insert into collectArtworks (collectArtworkID, collectorID, artworkID) values (52, 11, 152);
insert into collectArtworks (collectArtworkID, collectorID, artworkID) values (53, 41, 153);
insert into collectArtworks (collectArtworkID, collectorID, artworkID) values (54, 37, 154);
insert into collectArtworks (collectArtworkID, collectorID, artworkID) values (55, 40, 158);
insert into collectArtworks (collectArtworkID, collectorID, artworkID) values (56, 14, 159);
insert into collectArtworks (collectArtworkID, collectorID, artworkID) values (57, 47, 161);
insert into collectArtworks (collectArtworkID, collectorID, artworkID) values (58, 50, 163);
insert into collectArtworks (collectArtworkID, collectorID, artworkID) values (59, 14, 165);
insert into collectArtworks (collectArtworkID, collectorID, artworkID) values (60, 46, 166);
insert into collectArtworks (collectArtworkID, collectorID, artworkID) values (61, 25, 169);
insert into collectArtworks (collectArtworkID, collectorID, artworkID) values (62, 47, 174);
insert into collectArtworks (collectArtworkID, collectorID, artworkID) values (63, 30, 176);
insert into collectArtworks (collectArtworkID, collectorID, artworkID) values (64, 50, 178);
insert into collectArtworks (collectArtworkID, collectorID, artworkID) values (65, 33, 180);
insert into collectArtworks (collectArtworkID, collectorID, artworkID) values (66, 38, 181);
insert into collectArtworks (collectArtworkID, collectorID, artworkID) values (67, 22, 184);
insert into collectArtworks (collectArtworkID, collectorID, artworkID) values (68, 7, 188);
insert into collectArtworks (collectArtworkID, collectorID, artworkID) values (69, 5, 191);
insert into collectArtworks (collectArtworkID, collectorID, artworkID) values (70, 17, 193);
insert into collectArtworks (collectArtworkID, collectorID, artworkID) values (71, 28, 194);
insert into collectArtworks (collectArtworkID, collectorID, artworkID) values (72, 46, 197);
insert into collectArtworks (collectArtworkID, collectorID, artworkID) values (73, 18, 198);
insert into collectArtworks (collectArtworkID, collectorID, artworkID) values (74, 21, 199);
insert into gallery (galleryID, galleryName, location, contactDetails) values (1, 'Pagac LLC', '443 Dryden Point', 'tgoater0@1688.com');
insert into gallery (galleryID, galleryName, location, contactDetails) values (2, 'Predovic-Ebert', '13078 Dapin Plaza', 'tbruyntjes1@npr.org');
insert into gallery (galleryID, galleryName, location, contactDetails) values (3, 'Baumbach and Sons', '4 Hoard Terrace', 'apiegrome2@bizjournals.com');
insert into gallery (galleryID, galleryName, location, contactDetails) values (4, 'Runolfsdottir-Zemlak', '33 Amoth Terrace', 'gnix3@fema.gov');
insert into gallery (galleryID, galleryName, location, contactDetails) values (5, 'Kohler Group', '8 6th Crossing', 'aabbets4@facebook.com');
insert into gallery (galleryID, galleryName, location, contactDetails) values (6, 'Homenick LLC', '82325 Bunting Hill', 'smcmurty5@umich.edu');
insert into gallery (galleryID, galleryName, location, contactDetails) values (7, 'Kirlin and Sons', '898 Bunker Hill Trail', 'bsamsin6@comsenz.com');
insert into gallery (galleryID, galleryName, location, contactDetails) values (8, 'Reinger Group', '63306 Cambridge Park', 'hstilgoe7@utexas.edu');
insert into gallery (galleryID, galleryName, location, contactDetails) values (9, 'Nolan-Kunde', '55322 2nd Terrace', 'irolfo8@weather.com');
insert into gallery (galleryID, galleryName, location, contactDetails) values (10, 'Bauch-Nicolas', '14286 Crescent Oaks Park', 'msnalum9@constantcontact.com');
insert into gallery (galleryID, galleryName, location, contactDetails) values (11, 'Rogahn, Heaney and Flatley', '47 Lawn Parkway', 'mgeggusa@istockphoto.com');
insert into gallery (galleryID, galleryName, location, contactDetails) values (12, 'Cronin-Kemmer', '298 Lotheville Point', 'ballpressb@army.mil');
insert into gallery (galleryID, galleryName, location, contactDetails) values (13, 'Wolf-Bauch', '3493 Clemons Drive', 'sduffiec@google.de');
insert into gallery (galleryID, galleryName, location, contactDetails) values (14, 'D''Amore Inc', '872 Riverside Hill', 'aslaneyd@bizjournals.com');
insert into gallery (galleryID, galleryName, location, contactDetails) values (15, 'Hettinger-Stark', '53 Arrowood Parkway', 'caddesse@ning.com');
insert into gallery (galleryID, galleryName, location, contactDetails) values (16, 'Nienow, Krajcik and Thiel', '413 Pankratz Terrace', 'fowensf@biblegateway.com');
insert into gallery (galleryID, galleryName, location, contactDetails) values (17, 'Rolfson LLC', '179 Loomis Plaza', 'sopenshawg@creativecommons.org');
insert into gallery (galleryID, galleryName, location, contactDetails) values (18, 'Stanton, Schmidt and Smith', '08 East Plaza', 'lharmanh@nps.gov');
insert into gallery (galleryID, galleryName, location, contactDetails) values (19, 'Herzog, Gerhold and O''Keefe', '81371 Ohio Circle', 'santoniazzii@unc.edu');
insert into gallery (galleryID, galleryName, location, contactDetails) values (20, 'Lueilwitz, Beer and O''Hara', '6984 Lerdahl Center', 'rpatenj@yandex.ru');
insert into exhibition (exhibitionID, exhibitionName, startDate, endDate, venue, galleryID) values (1, 'Abstract Expressions', 'error: invalid date "02/30/2023"', '9/20/2023', 'Oracle Park', 7);
insert into exhibition (exhibitionID, exhibitionName, startDate, endDate, venue, galleryID) values (2, 'Modern Perspectives', 'error: invalid date "02/30/2023"', '5/24/2022', 'Wrigley Field', 9);
insert into exhibition (exhibitionID, exhibitionName, startDate, endDate, venue, galleryID) values (3, 'Vibrant Impressions', 'error: invalid date "02/30/2023"', '5/1/2023', 'Dodger Stadium', 17);
insert into exhibition (exhibitionID, exhibitionName, startDate, endDate, venue, galleryID) values (4, 'Contemporary Visions', 'error: invalid date "02/30/2023"', '7/1/2022', 'Yankee Stadium', 15);
insert into exhibition (exhibitionID, exhibitionName, startDate, endDate, venue, galleryID) values (5, 'Artistic Explorations', 'error: invalid date "02/30/2023"', '2/7/2023', 'Wrigley Field', 13);
insert into exhibition (exhibitionID, exhibitionName, startDate, endDate, venue, galleryID) values (6, 'Abstract Expressions', 'error: invalid date "02/30/2023"', '9/2/2022', 'Oracle Park', 20);
insert into exhibition (exhibitionID, exhibitionName, startDate, endDate, venue, galleryID) values (7, 'Modern Perspectives', 'error: invalid date "02/30/2023"', '8/28/2022', 'Wrigley Field', 20);
insert into exhibition (exhibitionID, exhibitionName, startDate, endDate, venue, galleryID) values (8, 'Vibrant Impressions', 'error: invalid date "02/30/2023"', '3/15/2023', 'Fenway Park', 15);
insert into exhibition (exhibitionID, exhibitionName, startDate, endDate, venue, galleryID) values (9, 'Contemporary Visions', 'error: invalid date "02/30/2023"', '8/29/2022', 'Dodger Stadium', 20);
insert into exhibition (exhibitionID, exhibitionName, startDate, endDate, venue, galleryID) values (10, 'Artistic Explorations', 'error: invalid date "02/30/2023"', '3/10/2023', 'Wrigley Field', 18);
insert into exhibition (exhibitionID, exhibitionName, startDate, endDate, venue, galleryID) values (11, 'Abstract Expressions', 'error: invalid date "02/30/2023"', '6/4/2023', 'Wrigley Field', 4);
insert into exhibition (exhibitionID, exhibitionName, startDate, endDate, venue, galleryID) values (12, 'Modern Perspectives', 'error: invalid date "02/30/2023"', '5/17/2022', 'Oracle Park', 15);
insert into exhibition (exhibitionID, exhibitionName, startDate, endDate, venue, galleryID) values (13, 'Vibrant Impressions', 'error: invalid date "02/30/2023"', '2/28/2023', 'Yankee Stadium', 1);
insert into exhibition (exhibitionID, exhibitionName, startDate, endDate, venue, galleryID) values (14, 'Contemporary Visions', 'error: invalid date "02/30/2023"', '10/8/2023', 'Wrigley Field', 8);
insert into exhibition (exhibitionID, exhibitionName, startDate, endDate, venue, galleryID) values (15, 'Artistic Explorations', 'error: invalid date "02/30/2023"', '7/9/2022', 'Oracle Park', 15);
insert into exhibitionArtworks (exhibitionArtworkID, exhibitionID, artworkID) values (1, 6, 145);
insert into exhibitionArtworks (exhibitionArtworkID, exhibitionID, artworkID) values (2, 8, 82);
insert into exhibitionArtworks (exhibitionArtworkID, exhibitionID, artworkID) values (3, 10, 47);
insert into exhibitionArtworks (exhibitionArtworkID, exhibitionID, artworkID) values (4, 4, 180);
insert into exhibitionArtworks (exhibitionArtworkID, exhibitionID, artworkID) values (5, 12, 80);
insert into exhibitionArtworks (exhibitionArtworkID, exhibitionID, artworkID) values (6, 10, 70);
insert into exhibitionArtworks (exhibitionArtworkID, exhibitionID, artworkID) values (7, 5, 51);
insert into exhibitionArtworks (exhibitionArtworkID, exhibitionID, artworkID) values (8, 13, 140);
insert into exhibitionArtworks (exhibitionArtworkID, exhibitionID, artworkID) values (9, 9, 122);
insert into exhibitionArtworks (exhibitionArtworkID, exhibitionID, artworkID) values (10, 9, 179);
insert into exhibitionArtworks (exhibitionArtworkID, exhibitionID, artworkID) values (11, 10, 35);
insert into exhibitionArtworks (exhibitionArtworkID, exhibitionID, artworkID) values (12, 14, 136);
insert into exhibitionArtworks (exhibitionArtworkID, exhibitionID, artworkID) values (13, 14, 179);
insert into exhibitionArtworks (exhibitionArtworkID, exhibitionID, artworkID) values (14, 15, 141);
insert into exhibitionArtworks (exhibitionArtworkID, exhibitionID, artworkID) values (15, 5, 49);
insert into exhibitionArtworks (exhibitionArtworkID, exhibitionID, artworkID) values (16, 8, 146);
insert into exhibitionArtworks (exhibitionArtworkID, exhibitionID, artworkID) values (17, 12, 171);
insert into exhibitionArtworks (exhibitionArtworkID, exhibitionID, artworkID) values (18, 7, 68);
insert into exhibitionArtworks (exhibitionArtworkID, exhibitionID, artworkID) values (19, 4, 37);
insert into exhibitionArtworks (exhibitionArtworkID, exhibitionID, artworkID) values (20, 11, 5);
insert into exhibitionArtworks (exhibitionArtworkID, exhibitionID, artworkID) values (21, 4, 66);
insert into exhibitionArtworks (exhibitionArtworkID, exhibitionID, artworkID) values (22, 11, 77);
insert into exhibitionArtworks (exhibitionArtworkID, exhibitionID, artworkID) values (23, 9, 196);
insert into exhibitionArtworks (exhibitionArtworkID, exhibitionID, artworkID) values (24, 15, 46);
insert into exhibitionArtworks (exhibitionArtworkID, exhibitionID, artworkID) values (25, 5, 84);
insert into exhibitionArtworks (exhibitionArtworkID, exhibitionID, artworkID) values (26, 15, 29);
insert into exhibitionArtworks (exhibitionArtworkID, exhibitionID, artworkID) values (27, 15, 111);
insert into exhibitionArtworks (exhibitionArtworkID, exhibitionID, artworkID) values (28, 13, 50);
insert into exhibitionArtworks (exhibitionArtworkID, exhibitionID, artworkID) values (29, 9, 67);
insert into exhibitionArtworks (exhibitionArtworkID, exhibitionID, artworkID) values (30, 3, 178);
insert into exhibitionArtworks (exhibitionArtworkID, exhibitionID, artworkID) values (31, 13, 3);
insert into exhibitionArtworks (exhibitionArtworkID, exhibitionID, artworkID) values (32, 2, 31);
insert into exhibitionArtworks (exhibitionArtworkID, exhibitionID, artworkID) values (33, 13, 133);
insert into exhibitionArtworks (exhibitionArtworkID, exhibitionID, artworkID) values (34, 15, 198);
insert into exhibitionArtworks (exhibitionArtworkID, exhibitionID, artworkID) values (35, 3, 116);
insert into exhibitionArtworks (exhibitionArtworkID, exhibitionID, artworkID) values (36, 12, 138);
insert into exhibitionArtworks (exhibitionArtworkID, exhibitionID, artworkID) values (37, 8, 89);
insert into exhibitionArtworks (exhibitionArtworkID, exhibitionID, artworkID) values (38, 4, 131);
insert into exhibitionArtworks (exhibitionArtworkID, exhibitionID, artworkID) values (39, 12, 170);
insert into exhibitionArtworks (exhibitionArtworkID, exhibitionID, artworkID) values (40, 14, 140);
insert into exhibitionArtworks (exhibitionArtworkID, exhibitionID, artworkID) values (41, 10, 30);
insert into exhibitionArtworks (exhibitionArtworkID, exhibitionID, artworkID) values (42, 5, 178);
insert into exhibitionArtworks (exhibitionArtworkID, exhibitionID, artworkID) values (43, 10, 105);
insert into exhibitionArtworks (exhibitionArtworkID, exhibitionID, artworkID) values (44, 9, 131);
insert into exhibitionArtworks (exhibitionArtworkID, exhibitionID, artworkID) values (45, 7, 21);
insert into exhibitionArtworks (exhibitionArtworkID, exhibitionID, artworkID) values (46, 8, 35);
insert into exhibitionArtworks (exhibitionArtworkID, exhibitionID, artworkID) values (47, 12, 122);
insert into exhibitionArtworks (exhibitionArtworkID, exhibitionID, artworkID) values (48, 9, 69);
insert into exhibitionArtworks (exhibitionArtworkID, exhibitionID, artworkID) values (49, 11, 160);
insert into exhibitionArtworks (exhibitionArtworkID, exhibitionID, artworkID) values (50, 5, 12);
insert into exhibitionArtworks (exhibitionArtworkID, exhibitionID, artworkID) values (51, 1, 104);
insert into exhibitionArtworks (exhibitionArtworkID, exhibitionID, artworkID) values (52, 2, 170);
insert into exhibitionArtworks (exhibitionArtworkID, exhibitionID, artworkID) values (53, 8, 101);
insert into exhibitionArtworks (exhibitionArtworkID, exhibitionID, artworkID) values (54, 6, 160);
insert into exhibitionArtworks (exhibitionArtworkID, exhibitionID, artworkID) values (55, 1, 199);
insert into exhibitionArtworks (exhibitionArtworkID, exhibitionID, artworkID) values (56, 10, 52);
insert into exhibitionArtworks (exhibitionArtworkID, exhibitionID, artworkID) values (57, 7, 53);
insert into exhibitionArtworks (exhibitionArtworkID, exhibitionID, artworkID) values (58, 10, 75);
insert into exhibitionArtworks (exhibitionArtworkID, exhibitionID, artworkID) values (59, 2, 111);
insert into exhibitionArtworks (exhibitionArtworkID, exhibitionID, artworkID) values (60, 4, 43);
insert into exhibitionArtworks (exhibitionArtworkID, exhibitionID, artworkID) values (61, 10, 143);
insert into exhibitionArtworks (exhibitionArtworkID, exhibitionID, artworkID) values (62, 13, 161);
insert into exhibitionArtworks (exhibitionArtworkID, exhibitionID, artworkID) values (63, 8, 160);
insert into exhibitionArtworks (exhibitionArtworkID, exhibitionID, artworkID) values (64, 9, 59);
insert into exhibitionArtworks (exhibitionArtworkID, exhibitionID, artworkID) values (65, 2, 119);
insert into exhibitionArtworks (exhibitionArtworkID, exhibitionID, artworkID) values (66, 2, 46);
insert into exhibitionArtworks (exhibitionArtworkID, exhibitionID, artworkID) values (67, 15, 100);
insert into exhibitionArtworks (exhibitionArtworkID, exhibitionID, artworkID) values (68, 1, 5);
insert into exhibitionArtworks (exhibitionArtworkID, exhibitionID, artworkID) values (69, 12, 48);
insert into exhibitionArtworks (exhibitionArtworkID, exhibitionID, artworkID) values (70, 12, 108);
insert into exhibitionArtworks (exhibitionArtworkID, exhibitionID, artworkID) values (71, 13, 115);
insert into exhibitionArtworks (exhibitionArtworkID, exhibitionID, artworkID) values (72, 9, 52);
insert into exhibitionArtworks (exhibitionArtworkID, exhibitionID, artworkID) values (73, 4, 184);
insert into exhibitionArtworks (exhibitionArtworkID, exhibitionID, artworkID) values (74, 11, 171);
insert into exhibitionArtworks (exhibitionArtworkID, exhibitionID, artworkID) values (75, 6, 197);
insert into exhibitionArtworks (exhibitionArtworkID, exhibitionID, artworkID) values (76, 1, 138);
insert into exhibitionArtworks (exhibitionArtworkID, exhibitionID, artworkID) values (77, 7, 108);
insert into exhibitionArtworks (exhibitionArtworkID, exhibitionID, artworkID) values (78, 3, 148);
insert into exhibitionArtworks (exhibitionArtworkID, exhibitionID, artworkID) values (79, 13, 49);
insert into exhibitionArtworks (exhibitionArtworkID, exhibitionID, artworkID) values (80, 1, 55);
insert into exhibitionArtworks (exhibitionArtworkID, exhibitionID, artworkID) values (81, 5, 66);
insert into exhibitionArtworks (exhibitionArtworkID, exhibitionID, artworkID) values (82, 9, 30);
insert into exhibitionArtworks (exhibitionArtworkID, exhibitionID, artworkID) values (83, 4, 13);
insert into exhibitionArtworks (exhibitionArtworkID, exhibitionID, artworkID) values (84, 4, 98);
insert into exhibitionArtworks (exhibitionArtworkID, exhibitionID, artworkID) values (85, 5, 85);
insert into exhibitionArtworks (exhibitionArtworkID, exhibitionID, artworkID) values (86, 11, 75);
insert into exhibitionArtworks (exhibitionArtworkID, exhibitionID, artworkID) values (87, 12, 138);
insert into exhibitionArtworks (exhibitionArtworkID, exhibitionID, artworkID) values (88, 1, 180);
insert into exhibitionArtworks (exhibitionArtworkID, exhibitionID, artworkID) values (89, 4, 132);
insert into exhibitionArtworks (exhibitionArtworkID, exhibitionID, artworkID) values (90, 7, 79);
insert into exhibitionArtworks (exhibitionArtworkID, exhibitionID, artworkID) values (91, 2, 19);
insert into exhibitionArtworks (exhibitionArtworkID, exhibitionID, artworkID) values (92, 3, 8);
insert into exhibitionArtworks (exhibitionArtworkID, exhibitionID, artworkID) values (93, 1, 198);
insert into exhibitionArtworks (exhibitionArtworkID, exhibitionID, artworkID) values (94, 1, 135);
insert into exhibitionArtworks (exhibitionArtworkID, exhibitionID, artworkID) values (95, 12, 74);
insert into exhibitionArtworks (exhibitionArtworkID, exhibitionID, artworkID) values (96, 5, 46);
insert into exhibitionArtworks (exhibitionArtworkID, exhibitionID, artworkID) values (97, 11, 188);
insert into exhibitionArtworks (exhibitionArtworkID, exhibitionID, artworkID) values (98, 12, 4);
insert into exhibitionArtworks (exhibitionArtworkID, exhibitionID, artworkID) values (99, 9, 86);
insert into exhibitionArtworks (exhibitionArtworkID, exhibitionID, artworkID) values (100, 15, 128);
insert into exhibitionArtworks (exhibitionArtworkID, exhibitionID, artworkID) values (101, 6, 193);
insert into exhibitionArtworks (exhibitionArtworkID, exhibitionID, artworkID) values (102, 15, 63);
insert into exhibitionArtworks (exhibitionArtworkID, exhibitionID, artworkID) values (103, 3, 124);
insert into exhibitionArtworks (exhibitionArtworkID, exhibitionID, artworkID) values (104, 11, 69);
insert into exhibitionArtworks (exhibitionArtworkID, exhibitionID, artworkID) values (105, 11, 12);
insert into exhibitionArtworks (exhibitionArtworkID, exhibitionID, artworkID) values (106, 12, 116);
insert into exhibitionArtworks (exhibitionArtworkID, exhibitionID, artworkID) values (107, 13, 20);
insert into exhibitionArtworks (exhibitionArtworkID, exhibitionID, artworkID) values (108, 7, 6);
insert into exhibitionArtworks (exhibitionArtworkID, exhibitionID, artworkID) values (109, 14, 54);
insert into exhibitionArtworks (exhibitionArtworkID, exhibitionID, artworkID) values (110, 3, 31);
insert into exhibitionArtworks (exhibitionArtworkID, exhibitionID, artworkID) values (111, 14, 183);
insert into exhibitionArtworks (exhibitionArtworkID, exhibitionID, artworkID) values (112, 11, 88);
insert into exhibitionArtworks (exhibitionArtworkID, exhibitionID, artworkID) values (113, 8, 171);
insert into exhibitionArtworks (exhibitionArtworkID, exhibitionID, artworkID) values (114, 12, 200);
insert into exhibitionArtworks (exhibitionArtworkID, exhibitionID, artworkID) values (115, 10, 66);
insert into exhibitionArtworks (exhibitionArtworkID, exhibitionID, artworkID) values (116, 1, 184);
insert into exhibitionArtworks (exhibitionArtworkID, exhibitionID, artworkID) values (117, 3, 75);
insert into exhibitionArtworks (exhibitionArtworkID, exhibitionID, artworkID) values (118, 10, 50);
insert into exhibitionArtworks (exhibitionArtworkID, exhibitionID, artworkID) values (119, 9, 27);
insert into exhibitionArtworks (exhibitionArtworkID, exhibitionID, artworkID) values (120, 3, 50);
insert into exhibitionArtworks (exhibitionArtworkID, exhibitionID, artworkID) values (121, 7, 71);
insert into exhibitionArtworks (exhibitionArtworkID, exhibitionID, artworkID) values (122, 12, 17);
insert into exhibitionArtworks (exhibitionArtworkID, exhibitionID, artworkID) values (123, 15, 92);
insert into exhibitionArtworks (exhibitionArtworkID, exhibitionID, artworkID) values (124, 14, 145);
insert into exhibitionArtworks (exhibitionArtworkID, exhibitionID, artworkID) values (125, 10, 181);
insert into exhibitionArtworks (exhibitionArtworkID, exhibitionID, artworkID) values (126, 1, 160);
insert into exhibitionArtworks (exhibitionArtworkID, exhibitionID, artworkID) values (127, 9, 82);
insert into exhibitionArtworks (exhibitionArtworkID, exhibitionID, artworkID) values (128, 15, 154);
insert into exhibitionArtworks (exhibitionArtworkID, exhibitionID, artworkID) values (129, 4, 172);
insert into exhibitionArtworks (exhibitionArtworkID, exhibitionID, artworkID) values (130, 11, 124);
insert into exhibitionArtworks (exhibitionArtworkID, exhibitionID, artworkID) values (131, 11, 57);
insert into exhibitionArtworks (exhibitionArtworkID, exhibitionID, artworkID) values (132, 4, 15);
insert into exhibitionArtworks (exhibitionArtworkID, exhibitionID, artworkID) values (133, 13, 68);
insert into exhibitionArtworks (exhibitionArtworkID, exhibitionID, artworkID) values (134, 11, 130);
insert into exhibitionArtworks (exhibitionArtworkID, exhibitionID, artworkID) values (135, 14, 131);
insert into exhibitionArtworks (exhibitionArtworkID, exhibitionID, artworkID) values (136, 9, 199);
insert into exhibitionArtworks (exhibitionArtworkID, exhibitionID, artworkID) values (137, 7, 182);
insert into exhibitionArtworks (exhibitionArtworkID, exhibitionID, artworkID) values (138, 4, 173);
insert into exhibitionArtworks (exhibitionArtworkID, exhibitionID, artworkID) values (139, 5, 69);
insert into exhibitionArtworks (exhibitionArtworkID, exhibitionID, artworkID) values (140, 12, 196);
insert into exhibitionArtworks (exhibitionArtworkID, exhibitionID, artworkID) values (141, 12, 76);
insert into exhibitionArtworks (exhibitionArtworkID, exhibitionID, artworkID) values (142, 2, 159);
insert into exhibitionArtworks (exhibitionArtworkID, exhibitionID, artworkID) values (143, 6, 42);
insert into exhibitionArtworks (exhibitionArtworkID, exhibitionID, artworkID) values (144, 8, 95);
insert into exhibitionArtworks (exhibitionArtworkID, exhibitionID, artworkID) values (145, 1, 102);
insert into exhibitionArtworks (exhibitionArtworkID, exhibitionID, artworkID) values (146, 11, 135);
insert into exhibitionArtworks (exhibitionArtworkID, exhibitionID, artworkID) values (147, 7, 34);
insert into exhibitionArtworks (exhibitionArtworkID, exhibitionID, artworkID) values (148, 9, 168);
insert into exhibitionArtworks (exhibitionArtworkID, exhibitionID, artworkID) values (149, 10, 70);
insert into exhibitionArtworks (exhibitionArtworkID, exhibitionID, artworkID) values (150, 10, 172);
insert into exhibitionArtworks (exhibitionArtworkID, exhibitionID, artworkID) values (151, 13, 140);
insert into exhibitionArtworks (exhibitionArtworkID, exhibitionID, artworkID) values (152, 13, 101);
insert into exhibitionArtworks (exhibitionArtworkID, exhibitionID, artworkID) values (153, 9, 165);
insert into exhibitionArtworks (exhibitionArtworkID, exhibitionID, artworkID) values (154, 7, 151);
insert into exhibitionArtworks (exhibitionArtworkID, exhibitionID, artworkID) values (155, 5, 162);
insert into exhibitionArtworks (exhibitionArtworkID, exhibitionID, artworkID) values (156, 9, 168);
insert into exhibitionArtworks (exhibitionArtworkID, exhibitionID, artworkID) values (157, 4, 91);
insert into exhibitionArtworks (exhibitionArtworkID, exhibitionID, artworkID) values (158, 15, 20);
insert into exhibitionArtworks (exhibitionArtworkID, exhibitionID, artworkID) values (159, 7, 186);
insert into exhibitionArtworks (exhibitionArtworkID, exhibitionID, artworkID) values (160, 11, 117);
insert into exhibitionArtworks (exhibitionArtworkID, exhibitionID, artworkID) values (161, 14, 139);
insert into exhibitionArtworks (exhibitionArtworkID, exhibitionID, artworkID) values (162, 10, 128);
insert into exhibitionArtworks (exhibitionArtworkID, exhibitionID, artworkID) values (163, 1, 1);
insert into exhibitionArtworks (exhibitionArtworkID, exhibitionID, artworkID) values (164, 11, 197);
insert into exhibitionArtworks (exhibitionArtworkID, exhibitionID, artworkID) values (165, 11, 19);
insert into exhibitionArtworks (exhibitionArtworkID, exhibitionID, artworkID) values (166, 13, 183);
insert into exhibitionArtworks (exhibitionArtworkID, exhibitionID, artworkID) values (167, 4, 18);
insert into exhibitionArtworks (exhibitionArtworkID, exhibitionID, artworkID) values (168, 13, 51);
insert into exhibitionArtworks (exhibitionArtworkID, exhibitionID, artworkID) values (169, 11, 40);
insert into exhibitionArtworks (exhibitionArtworkID, exhibitionID, artworkID) values (170, 10, 133);
insert into exhibitionArtworks (exhibitionArtworkID, exhibitionID, artworkID) values (171, 11, 130);
insert into exhibitionArtworks (exhibitionArtworkID, exhibitionID, artworkID) values (172, 8, 81);
insert into exhibitionArtworks (exhibitionArtworkID, exhibitionID, artworkID) values (173, 10, 177);
insert into exhibitionArtworks (exhibitionArtworkID, exhibitionID, artworkID) values (174, 9, 169);
insert into exhibitionArtworks (exhibitionArtworkID, exhibitionID, artworkID) values (175, 8, 72);
insert into exhibitionArtworks (exhibitionArtworkID, exhibitionID, artworkID) values (176, 6, 122);
insert into exhibitionArtworks (exhibitionArtworkID, exhibitionID, artworkID) values (177, 14, 173);
insert into exhibitionArtworks (exhibitionArtworkID, exhibitionID, artworkID) values (178, 15, 186);
insert into exhibitionArtworks (exhibitionArtworkID, exhibitionID, artworkID) values (179, 8, 153);
insert into exhibitionArtworks (exhibitionArtworkID, exhibitionID, artworkID) values (180, 5, 3);
insert into exhibitionArtworks (exhibitionArtworkID, exhibitionID, artworkID) values (181, 1, 186);
insert into exhibitionArtworks (exhibitionArtworkID, exhibitionID, artworkID) values (182, 5, 157);
insert into exhibitionArtworks (exhibitionArtworkID, exhibitionID, artworkID) values (183, 8, 53);
insert into exhibitionArtworks (exhibitionArtworkID, exhibitionID, artworkID) values (184, 2, 172);
insert into exhibitionArtworks (exhibitionArtworkID, exhibitionID, artworkID) values (185, 7, 164);
insert into exhibitionArtworks (exhibitionArtworkID, exhibitionID, artworkID) values (186, 2, 18);
insert into exhibitionArtworks (exhibitionArtworkID, exhibitionID, artworkID) values (187, 9, 194);
insert into exhibitionArtworks (exhibitionArtworkID, exhibitionID, artworkID) values (188, 14, 21);
insert into exhibitionArtworks (exhibitionArtworkID, exhibitionID, artworkID) values (189, 9, 121);
insert into exhibitionArtworks (exhibitionArtworkID, exhibitionID, artworkID) values (190, 10, 29);
insert into exhibitionArtworks (exhibitionArtworkID, exhibitionID, artworkID) values (191, 9, 149);
insert into exhibitionArtworks (exhibitionArtworkID, exhibitionID, artworkID) values (192, 2, 12);
insert into exhibitionArtworks (exhibitionArtworkID, exhibitionID, artworkID) values (193, 3, 66);
insert into exhibitionArtworks (exhibitionArtworkID, exhibitionID, artworkID) values (194, 7, 4);
insert into exhibitionArtworks (exhibitionArtworkID, exhibitionID, artworkID) values (195, 14, 184);
insert into exhibitionArtworks (exhibitionArtworkID, exhibitionID, artworkID) values (196, 2, 29);
insert into exhibitionArtworks (exhibitionArtworkID, exhibitionID, artworkID) values (197, 9, 47);
insert into exhibitionArtworks (exhibitionArtworkID, exhibitionID, artworkID) values (198, 3, 146);
insert into exhibitionArtworks (exhibitionArtworkID, exhibitionID, artworkID) values (199, 2, 34);
insert into exhibitionArtworks (exhibitionArtworkID, exhibitionID, artworkID) values (200, 5, 12);
insert into exhibitionArtworks (exhibitionArtworkID, exhibitionID, artworkID) values (201, 10, 166);
insert into exhibitionArtworks (exhibitionArtworkID, exhibitionID, artworkID) values (202, 15, 16);
insert into exhibitionArtworks (exhibitionArtworkID, exhibitionID, artworkID) values (203, 14, 34);
insert into exhibitionArtworks (exhibitionArtworkID, exhibitionID, artworkID) values (204, 11, 116);
insert into exhibitionArtworks (exhibitionArtworkID, exhibitionID, artworkID) values (205, 12, 100);
insert into exhibitionArtworks (exhibitionArtworkID, exhibitionID, artworkID) values (206, 14, 199);
insert into exhibitionArtworks (exhibitionArtworkID, exhibitionID, artworkID) values (207, 11, 151);
insert into exhibitionArtworks (exhibitionArtworkID, exhibitionID, artworkID) values (208, 1, 121);
insert into exhibitionArtworks (exhibitionArtworkID, exhibitionID, artworkID) values (209, 6, 52);
insert into exhibitionArtworks (exhibitionArtworkID, exhibitionID, artworkID) values (210, 5, 185);
insert into exhibitionArtworks (exhibitionArtworkID, exhibitionID, artworkID) values (211, 13, 56);
insert into exhibitionArtworks (exhibitionArtworkID, exhibitionID, artworkID) values (212, 4, 175);
insert into exhibitionArtworks (exhibitionArtworkID, exhibitionID, artworkID) values (213, 1, 197);
insert into exhibitionArtworks (exhibitionArtworkID, exhibitionID, artworkID) values (214, 2, 176);
insert into exhibitionArtworks (exhibitionArtworkID, exhibitionID, artworkID) values (215, 7, 103);
insert into exhibitionArtworks (exhibitionArtworkID, exhibitionID, artworkID) values (216, 3, 199);
insert into exhibitionArtworks (exhibitionArtworkID, exhibitionID, artworkID) values (217, 4, 109);
insert into exhibitionArtworks (exhibitionArtworkID, exhibitionID, artworkID) values (218, 15, 101);
insert into exhibitionArtworks (exhibitionArtworkID, exhibitionID, artworkID) values (219, 1, 81);
insert into exhibitionArtworks (exhibitionArtworkID, exhibitionID, artworkID) values (220, 6, 171);
insert into exhibitionArtworks (exhibitionArtworkID, exhibitionID, artworkID) values (221, 6, 62);
insert into exhibitionArtworks (exhibitionArtworkID, exhibitionID, artworkID) values (222, 3, 13);
insert into exhibitionArtworks (exhibitionArtworkID, exhibitionID, artworkID) values (223, 3, 126);
insert into exhibitionArtworks (exhibitionArtworkID, exhibitionID, artworkID) values (224, 14, 67);
insert into exhibitionArtworks (exhibitionArtworkID, exhibitionID, artworkID) values (225, 1, 28);
insert into exhibitionArtworks (exhibitionArtworkID, exhibitionID, artworkID) values (226, 14, 7);
insert into exhibitionArtworks (exhibitionArtworkID, exhibitionID, artworkID) values (227, 11, 169);
insert into exhibitionArtworks (exhibitionArtworkID, exhibitionID, artworkID) values (228, 12, 19);
insert into exhibitionArtworks (exhibitionArtworkID, exhibitionID, artworkID) values (229, 5, 13);
insert into exhibitionArtworks (exhibitionArtworkID, exhibitionID, artworkID) values (230, 6, 129);
insert into exhibitionArtworks (exhibitionArtworkID, exhibitionID, artworkID) values (231, 8, 194);
insert into exhibitionArtworks (exhibitionArtworkID, exhibitionID, artworkID) values (232, 9, 104);
insert into exhibitionArtworks (exhibitionArtworkID, exhibitionID, artworkID) values (233, 8, 190);
insert into exhibitionArtworks (exhibitionArtworkID, exhibitionID, artworkID) values (234, 9, 184);
insert into exhibitionArtworks (exhibitionArtworkID, exhibitionID, artworkID) values (235, 15, 48);
insert into exhibitionArtworks (exhibitionArtworkID, exhibitionID, artworkID) values (236, 15, 123);
insert into exhibitionArtworks (exhibitionArtworkID, exhibitionID, artworkID) values (237, 2, 55);
insert into exhibitionArtworks (exhibitionArtworkID, exhibitionID, artworkID) values (238, 9, 53);
insert into exhibitionArtworks (exhibitionArtworkID, exhibitionID, artworkID) values (239, 14, 124);
insert into exhibitionArtworks (exhibitionArtworkID, exhibitionID, artworkID) values (240, 14, 146);
insert into exhibitionArtworks (exhibitionArtworkID, exhibitionID, artworkID) values (241, 2, 174);
insert into exhibitionArtworks (exhibitionArtworkID, exhibitionID, artworkID) values (242, 8, 35);
insert into exhibitionArtworks (exhibitionArtworkID, exhibitionID, artworkID) values (243, 10, 103);
insert into exhibitionArtworks (exhibitionArtworkID, exhibitionID, artworkID) values (244, 4, 128);
insert into exhibitionArtworks (exhibitionArtworkID, exhibitionID, artworkID) values (245, 2, 92);
insert into exhibitionArtworks (exhibitionArtworkID, exhibitionID, artworkID) values (246, 9, 6);
insert into exhibitionArtworks (exhibitionArtworkID, exhibitionID, artworkID) values (247, 9, 132);
insert into exhibitionArtworks (exhibitionArtworkID, exhibitionID, artworkID) values (248, 1, 93);
insert into exhibitionArtworks (exhibitionArtworkID, exhibitionID, artworkID) values (249, 2, 9);
insert into exhibitionArtworks (exhibitionArtworkID, exhibitionID, artworkID) values (250, 1, 61);
insert into exhibitionArtworks (exhibitionArtworkID, exhibitionID, artworkID) values (251, 8, 38);
insert into exhibitionArtworks (exhibitionArtworkID, exhibitionID, artworkID) values (252, 7, 68);
insert into exhibitionArtworks (exhibitionArtworkID, exhibitionID, artworkID) values (253, 2, 87);
insert into exhibitionArtworks (exhibitionArtworkID, exhibitionID, artworkID) values (254, 7, 79);
insert into exhibitionArtworks (exhibitionArtworkID, exhibitionID, artworkID) values (255, 1, 175);
insert into exhibitionArtworks (exhibitionArtworkID, exhibitionID, artworkID) values (256, 10, 180);
insert into exhibitionArtworks (exhibitionArtworkID, exhibitionID, artworkID) values (257, 1, 162);
insert into exhibitionArtworks (exhibitionArtworkID, exhibitionID, artworkID) values (258, 9, 189);
insert into exhibitionArtworks (exhibitionArtworkID, exhibitionID, artworkID) values (259, 11, 17);
insert into exhibitionArtworks (exhibitionArtworkID, exhibitionID, artworkID) values (260, 3, 135);
insert into exhibitionArtworks (exhibitionArtworkID, exhibitionID, artworkID) values (261, 1, 85);
insert into exhibitionArtworks (exhibitionArtworkID, exhibitionID, artworkID) values (262, 2, 180);
insert into exhibitionArtworks (exhibitionArtworkID, exhibitionID, artworkID) values (263, 1, 28);
insert into exhibitionArtworks (exhibitionArtworkID, exhibitionID, artworkID) values (264, 11, 68);
insert into exhibitionArtworks (exhibitionArtworkID, exhibitionID, artworkID) values (265, 9, 128);
insert into exhibitionArtworks (exhibitionArtworkID, exhibitionID, artworkID) values (266, 4, 118);
insert into exhibitionArtworks (exhibitionArtworkID, exhibitionID, artworkID) values (267, 3, 12);
insert into exhibitionArtworks (exhibitionArtworkID, exhibitionID, artworkID) values (268, 15, 2);
insert into exhibitionArtworks (exhibitionArtworkID, exhibitionID, artworkID) values (269, 14, 189);
insert into exhibitionArtworks (exhibitionArtworkID, exhibitionID, artworkID) values (270, 15, 83);
insert into exhibitionArtworks (exhibitionArtworkID, exhibitionID, artworkID) values (271, 1, 111);
insert into exhibitionArtworks (exhibitionArtworkID, exhibitionID, artworkID) values (272, 7, 155);
insert into exhibitionArtworks (exhibitionArtworkID, exhibitionID, artworkID) values (273, 1, 8);
insert into exhibitionArtworks (exhibitionArtworkID, exhibitionID, artworkID) values (274, 2, 162);
insert into exhibitionArtworks (exhibitionArtworkID, exhibitionID, artworkID) values (275, 11, 129);
insert into exhibitionArtworks (exhibitionArtworkID, exhibitionID, artworkID) values (276, 10, 145);
insert into exhibitionArtworks (exhibitionArtworkID, exhibitionID, artworkID) values (277, 2, 17);
insert into exhibitionArtworks (exhibitionArtworkID, exhibitionID, artworkID) values (278, 8, 113);
insert into exhibitionArtworks (exhibitionArtworkID, exhibitionID, artworkID) values (279, 14, 130);
insert into exhibitionArtworks (exhibitionArtworkID, exhibitionID, artworkID) values (280, 6, 91);
insert into exhibitionArtworks (exhibitionArtworkID, exhibitionID, artworkID) values (281, 11, 126);
insert into exhibitionArtworks (exhibitionArtworkID, exhibitionID, artworkID) values (282, 7, 140);
insert into exhibitionArtworks (exhibitionArtworkID, exhibitionID, artworkID) values (283, 6, 196);
insert into exhibitionArtworks (exhibitionArtworkID, exhibitionID, artworkID) values (284, 4, 47);
insert into exhibitionArtworks (exhibitionArtworkID, exhibitionID, artworkID) values (285, 3, 103);
insert into exhibitionArtworks (exhibitionArtworkID, exhibitionID, artworkID) values (286, 15, 8);
insert into exhibitionArtworks (exhibitionArtworkID, exhibitionID, artworkID) values (287, 3, 53);
insert into exhibitionArtworks (exhibitionArtworkID, exhibitionID, artworkID) values (288, 1, 84);
insert into exhibitionArtworks (exhibitionArtworkID, exhibitionID, artworkID) values (289, 14, 98);
insert into exhibitionArtworks (exhibitionArtworkID, exhibitionID, artworkID) values (290, 8, 198);
insert into exhibitionArtworks (exhibitionArtworkID, exhibitionID, artworkID) values (291, 3, 103);
insert into exhibitionArtworks (exhibitionArtworkID, exhibitionID, artworkID) values (292, 7, 99);
insert into exhibitionArtworks (exhibitionArtworkID, exhibitionID, artworkID) values (293, 15, 77);
insert into exhibitionArtworks (exhibitionArtworkID, exhibitionID, artworkID) values (294, 6, 51);
insert into exhibitionArtworks (exhibitionArtworkID, exhibitionID, artworkID) values (295, 11, 99);
insert into exhibitionArtworks (exhibitionArtworkID, exhibitionID, artworkID) values (296, 10, 130);
insert into exhibitionArtworks (exhibitionArtworkID, exhibitionID, artworkID) values (297, 7, 192);
insert into exhibitionArtworks (exhibitionArtworkID, exhibitionID, artworkID) values (298, 9, 3);
insert into exhibitionArtworks (exhibitionArtworkID, exhibitionID, artworkID) values (299, 10, 11);
insert into exhibitionArtworks (exhibitionArtworkID, exhibitionID, artworkID) values (300, 13, 161);
